doc_id,fonte,tipo_fonte,url_original,url_canonico,url_arquivo,link_texto,tstamp_captura,data_publicacao,titulo,mime,clubes,queries,familias_query,anos_pesquisa,n_capturas,url_embebido_arquivo,par_url_valido,url_para_revisao,data_publicacao_dt,data_captura_dt,data_analise_dt,origem_data,data_publicacao_confirmada,ano_publicacao,ano_analise,data_analise
00dfda52074d685c,publico,noticiosa,https://www.publico.pt/2013/04/09/desporto/noticia/emprestimo-obrigacionista-de-45-milhoes-nao-evita-que-benfica-venda-jogadores-1590710/amp,https://publico.pt/2013/04/09/desporto/noticia/emprestimo-obrigacionista-de-45-milhoes-nao-evita-que-benfica-venda-jogadores-1590710,https://arquivo.pt/wayback/20200119120309/https://www.publico.pt/2013/04/09/desporto/noticia/emprestimo-obrigacionista-de-45-milhoes-nao-evita-que-benfica-venda-jogadores-1590710/amp,https://arquivo.pt/textextracted?m=https%3A%2F%2Fwww.publico.pt%2F2013%2F04%2F09%2Fdesporto%2Fnoticia%2Femprestimo-obrigacionista-de-45-milhoes-nao-evita-que-benfica-venda-jogadores-1590710%2Famp%2F20200119120309,20200119120309,2013-04-09,Empréstimo obrigacionista de 45 milhões não evita que Benfica venda jogadores | SL Benfica | PÚBLICO,text/html,['benfica'],"['""Benfica SAD""']",['geral'],"[2019, 2020]",2,https://www.publico.pt/2013/04/09/desporto/noticia/emprestimo-obrigacionista-de-45-milhoes-nao-evita-que-benfica-venda-jogadores-1590710/amp,True,https://arquivo.pt/wayback/20200119120309/https://www.publico.pt/2013/04/09/desporto/noticia/emprestimo-obrigacionista-de-45-milhoes-nao-evita-que-benfica-venda-jogadores-1590710/amp,2013-04-09,2020-01-19 12:03:09,2013-04-09,url,True,2013.0,2013,2013-04-09
02eaeedde1e93093,observador,noticiosa,https://observador.pt/2017/09/12/benfica-quer-um-milhao-de-euros-por-cada-email-revelado/,https://observador.pt/2017/09/12/benfica-quer-um-milhao-de-euros-por-cada-email-revelado,https://arquivo.pt/wayback/20190831093324/https://observador.pt/2017/09/12/benfica-quer-um-milhao-de-euros-por-cada-email-revelado/,https://arquivo.pt/textextracted?m=https%3A%2F%2Fobservador.pt%2F2017%2F09%2F12%2Fbenfica-quer-um-milhao-de-euros-por-cada-email-revelado%2F%2F20190831093324,20190831093324,2017-09-12,Benfica quer um milhão de euros por cada email revelado pelo FC Porto – Observador,text/html,['porto'],"['""FC Porto SAD""']",['geral'],[2019],1,https://observador.pt/2017/09/12/benfica-quer-um-milhao-de-euros-por-cada-email-revelado/,True,https://arquivo.pt/wayback/20190831093324/https://observador.pt/2017/09/12/benfica-quer-um-milhao-de-euros-por-cada-email-revelado/,2017-09-12,2019-08-31 09:33:24,2017-09-12,url,True,2017.0,2017,2017-09-12
04a7ee6415f1ab71,observador,noticiosa,https://observador.pt/2018/12/10/sergio-conceicao-sente-se-como-peixe-na-agua-em-ambientes-quentes/,https://observador.pt/2018/12/10/sergio-conceicao-sente-se-como-peixe-na-agua-em-ambientes-quentes,https://arquivo.pt/wayback/20190221210359/https://observador.pt/2018/12/10/sergio-conceicao-sente-se-como-peixe-na-agua-em-ambientes-quentes/,https://arquivo.pt/textextracted?m=https%3A%2F%2Fobservador.pt%2F2018%2F12%2F10%2Fsergio-conceicao-sente-se-como-peixe-na-agua-em-ambientes-quentes%2F%2F20190221210359,20190221210359,2018-12-10,Sérgio Conceição sente-se “como peixe na água em ambientes quentes” – Observador,text/html,['porto'],"['""FC Porto SAD""']",['geral'],[2019],1,https://observador.pt/2018/12/10/sergio-conceicao-sente-se-como-peixe-na-agua-em-ambientes-quentes/,True,https://arquivo.pt/wayback/20190221210359/https://observador.pt/2018/12/10/sergio-conceicao-sente-se-como-peixe-na-agua-em-ambientes-quentes/,2018-12-10,2019-02-21 21:03:59,2018-12-10,url,True,2018.0,2018,2018-12-10
06524da1e3250e2d,observador,noticiosa,https://observador.pt/2016/08/12/infraestruturas-de-portugal-passa-de-prejuizo-a-lucro-de-51-milhoes-no-1-o-semestre/,https://observador.pt/2016/08/12/infraestruturas-de-portugal-passa-de-prejuizo-a-lucro-de-51-milhoes-no-1-o-semestre,https://arquivo.pt/wayback/20200304203745/https://observador.pt/2016/08/12/infraestruturas-de-portugal-passa-de-prejuizo-a-lucro-de-51-milhoes-no-1-o-semestre/,https://arquivo.pt/textextracted?m=https%3A%2F%2Fobservador.pt%2F2016%2F08%2F12%2Finfraestruturas-de-portugal-passa-de-prejuizo-a-lucro-de-51-milhoes-no-1-o-semestre%2F%2F20200304203745,20200304203745,2016-08-12,"Infraestruturas de Portugal passa de prejuízo a lucro de 5,1 milhões no 1.º semestre – Observador",text/html,['sporting'],"['""Sporting SAD"" ""aumento de capital""']",['financeira'],[2020],1,https://observador.pt/2016/08/12/infraestruturas-de-portugal-passa-de-prejuizo-a-lucro-de-51-milhoes-no-1-o-semestre/,True,https://arquivo.pt/wayback/20200304203745/https://observador.pt/2016/08/12/infraestruturas-de-portugal-passa-de-prejuizo-a-lucro-de-51-milhoes-no-1-o-semestre/,2016-08-12,2020-03-04 20:37:45,2016-08-12,url,True,2016.0,2016,2016-08-12
081efefaed68d843,observador,noticiosa,https://observador.pt/2018/10/01/e-toupeira-benfica-vai-requerer-abertura-de-instrucao/?utm_source=feedburner&utm_medium=feed&utm_campaign=Feed%3A+obs-ultimas+%28Observador+-+%C3%9Altimas%29,https://observador.pt/2018/10/01/e-toupeira-benfica-vai-requerer-abertura-de-instrucao,https://arquivo.pt/wayback/20190417145735/https://observador.pt/2018/10/01/e-toupeira-benfica-vai-requerer-abertura-de-instrucao/?utm_source=feedburner&utm_medium=feed&utm_campaign=Feed%3A+obs-ultimas+%28Observador+-+%C3%9Altimas%29,https://arquivo.pt/textextracted?m=https%3A%2F%2Fobservador.pt%2F2018%2F10%2F01%2Fe-toupeira-benfica-vai-requerer-abertura-de-instrucao%2F%3Futm_source%3Dfeedburner%26utm_medium%3Dfeed%26utm_campaign%3DFeed%253A%2Bobs-ultimas%2B%2528Observador%2B-%2B%25C3%259Altimas%2529%2F20190417145735,20190417145735,2018-10-01,E-toupeira. Benfica vai requerer abertura de instrução – Observador,text/html,['benfica'],"['""Benfica SAD""']",['geral'],[2019],1,https://observador.pt/2018/10/01/e-toupeira-benfica-vai-requerer-abertura-de-instrucao/?utm_source=feedburner&utm_medium=feed&utm_campaign=Feed:+obs-ultimas+(Observador+-+Últimas),True,https://arquivo.pt/wayback/20190417145735/https://observador.pt/2018/10/01/e-toupeira-benfica-vai-requerer-abertura-de-instrucao/?utm_source=feedburner&utm_medium=feed&utm_campaign=Feed%3A+obs-ultimas+%28Observador+-+%C3%9Altimas%29,2018-10-01,2019-04-17 14:57:35,2018-10-01,url,True,2018.0,2018,2018-10-01
08b47171d5f298f1,publico,noticiosa,https://www.publico.pt/2012/02/28/desporto/noticia/dinheiro-que-alimenta-o-futebol-portugues-perdese-numa-rede-de-fundos-1535472/amp,https://publico.pt/2012/02/28/desporto/noticia/dinheiro-que-alimenta-o-futebol-portugues-perdese-numa-rede-de-fundos-1535472,https://arquivo.pt/wayback/20200121034834/https://www.publico.pt/2012/02/28/desporto/noticia/dinheiro-que-alimenta-o-futebol-portugues-perdese-numa-rede-de-fundos-1535472/amp,https://arquivo.pt/textextracted?m=https%3A%2F%2Fwww.publico.pt%2F2012%2F02%2F28%2Fdesporto%2Fnoticia%2Fdinheiro-que-alimenta-o-futebol-portugues-perdese-numa-rede-de-fundos-1535472%2Famp%2F20200121034834,20200121034834,2012-02-28,Dinheiro que alimenta o futebol português perde-se numa rede de fundos | Investigação | PÚBLICO,text/html,"['porto', 'sporting']","['""Porto SAD""', '""Sporting SAD""']",['geral'],"[2019, 2020]",4,https://www.publico.pt/2012/02/28/desporto/noticia/dinheiro-que-alimenta-o-futebol-portugues-perdese-numa-rede-de-fundos-1535472/amp,True,https://arquivo.pt/wayback/20200121034834/https://www.publico.pt/2012/02/28/desporto/noticia/dinheiro-que-alimenta-o-futebol-portugues-perdese-numa-rede-de-fundos-1535472/amp,2012-02-28,2020-01-21 03:48:34,2012-02-28,url,True,2012.0,2012,2012-02-28
0c34bc7bf9d4de91,observador,noticiosa,https://observador.pt/2016/01/12/25-lojas-deixaram-saudades-lisboa/,https://observador.pt/2016/01/12/25-lojas-deixaram-saudades-lisboa,https://arquivo.pt/wayback/20200620225439/https://observador.pt/2016/01/12/25-lojas-deixaram-saudades-lisboa/,https://arquivo.pt/textextracted?m=https%3A%2F%2Fobservador.pt%2F2016%2F01%2F12%2F25-lojas-deixaram-saudades-lisboa%2F%2F20200620225439,20200620225439,2016-01-12,25 lojas que deixaram saudades em Lisboa – Observador,text/html,['benfica'],"['""Benfica SAD"" ""emissão de obrigações""']",['financeira'],[2020],1,https://observador.pt/2016/01/12/25-lojas-deixaram-saudades-lisboa/,True,https://arquivo.pt/wayback/20200620225439/https://observador.pt/2016/01/12/25-lojas-deixaram-saudades-lisboa/,2016-01-12,2020-06-20 22:54:39,2016-01-12,url,True,2016.0,2016,2016-01-12
15b852749de632bd,observador,noticiosa,https://observador.pt/2015/12/25/7-modas-infantis-deviamos-ter-sido-poupados/,https://observador.pt/2015/12/25/7-modas-infantis-deviamos-ter-sido-poupados,https://arquivo.pt/wayback/20200620225320/https://observador.pt/2015/12/25/7-modas-infantis-deviamos-ter-sido-poupados/,https://arquivo.pt/textextracted?m=https%3A%2F%2Fobservador.pt%2F2015%2F12%2F25%2F7-modas-infantis-deviamos-ter-sido-poupados%2F%2F20200620225320,20200620225320,2015-12-25,7 modas infantis a que devíamos ter sido poupados – Observador,text/html,['benfica'],"['""Benfica SAD"" ""emissão de obrigações""']",['financeira'],[2020],1,https://observador.pt/2015/12/25/7-modas-infantis-deviamos-ter-sido-poupados/,True,https://arquivo.pt/wayback/20200620225320/https://observador.pt/2015/12/25/7-modas-infantis-deviamos-ter-sido-poupados/,2015-12-25,2020-06-20 22:53:20,2015-12-25,url,True,2015.0,2015,2015-12-25
1701368df6e6b2c0,observador,noticiosa,https://observador.pt/2018/03/06/diretor-juridico-do-benfica-detido-por-suspeitas-de-subornar-funcionarios-judiciais/,https://observador.pt/2018/03/06/diretor-juridico-do-benfica-detido-por-suspeitas-de-subornar-funcionarios-judiciais,https://arquivo.pt/wayback/20200505193123/https://observador.pt/2018/03/06/diretor-juridico-do-benfica-detido-por-suspeitas-de-subornar-funcionarios-judiciais/,https://arquivo.pt/textextracted?m=https%3A%2F%2Fobservador.pt%2F2018%2F03%2F06%2Fdiretor-juridico-do-benfica-detido-por-suspeitas-de-subornar-funcionarios-judiciais%2F%2F20200505193123,20200505193123,2018-03-06,Bilhetes para jogos e merchandising do Benfica na origem da detenção de Paulo Gonçalves – Observador,text/html,['benfica'],"['""Benfica - Futebol SAD""']",['geral'],[2020],1,https://observador.pt/2018/03/06/diretor-juridico-do-benfica-detido-por-suspeitas-de-subornar-funcionarios-judiciais/,True,https://arquivo.pt/wayback/20200505193123/https://observador.pt/2018/03/06/diretor-juridico-do-benfica-detido-por-suspeitas-de-subornar-funcionarios-judiciais/,2018-03-06,2020-05-05 19:31:23,2018-03-06,url,True,2018.0,2018,2018-03-06
1860ba9e10e28c6e,observador,noticiosa,https://observador.pt/2014/11/14/wsj-eua-usam-avioes-secretos-para-espiar-dados-dos-telemoveis/,https://observador.pt/2014/11/14/wsj-eua-usam-avioes-secretos-para-espiar-dados-dos-telemoveis,https://arquivo.pt/wayback/20200620222855/https://observador.pt/2014/11/14/wsj-eua-usam-avioes-secretos-para-espiar-dados-dos-telemoveis/,https://arquivo.pt/textextracted?m=https%3A%2F%2Fobservador.pt%2F2014%2F11%2F14%2Fwsj-eua-usam-avioes-secretos-para-espiar-dados-dos-telemoveis%2F%2F20200620222855,20200620222855,2014-11-14,EUA usam aviões secretos para espiar dados dos telemóveis – Observador,text/html,['benfica'],"['""Benfica SAD"" ""emissão de obrigações""']",['financeira'],[2020],1,https://observador.pt/2014/11/14/wsj-eua-usam-avioes-secretos-para-espiar-dados-dos-telemoveis/,True,https://arquivo.pt/wayback/20200620222855/https://observador.pt/2014/11/14/wsj-eua-usam-avioes-secretos-para-espiar-dados-dos-telemoveis/,2014-11-14,2020-06-20 22:28:55,2014-11-14,url,True,2014.0,2014,2014-11-14
1881694ee37f94f5,publico,noticiosa,https://www.publico.pt/2018/05/18/desporto/noticia/jesus-convicto-de-que-bruno-deu-carta-branca-a-juve-leo-1830517,https://publico.pt/2018/05/18/desporto/noticia/jesus-convicto-de-que-bruno-deu-carta-branca-a-juve-leo-1830517,https://arquivo.pt/wayback/20190519190144/https://www.publico.pt/2018/05/18/desporto/noticia/jesus-convicto-de-que-bruno-deu-carta-branca-a-juve-leo-1830517,https://arquivo.pt/textextracted?m=https%3A%2F%2Fwww.publico.pt%2F2018%2F05%2F18%2Fdesporto%2Fnoticia%2Fjesus-convicto-de-que-bruno-deu-carta-branca-a-juve-leo-1830517%2F20190519190144,20190519190144,2018-05-18,Jesus convicto de que Bruno deu carta-branca à Juve Leo | Sporting | PÚBLICO,text/html,['sporting'],"['""Sporting SAD""']",['geral'],[2019],1,https://www.publico.pt/2018/05/18/desporto/noticia/jesus-convicto-de-que-bruno-deu-carta-branca-a-juve-leo-1830517,True,https://arquivo.pt/wayback/20190519190144/https://www.publico.pt/2018/05/18/desporto/noticia/jesus-convicto-de-que-bruno-deu-carta-branca-a-juve-leo-1830517,2018-05-18,2019-05-19 19:01:44,2018-05-18,url,True,2018.0,2018,2018-05-18
1bea425715583364,observador,noticiosa,https://observador.pt/2016/01/03/20-nomes-objetos-devemos-as-marcas/,https://observador.pt/2016/01/03/20-nomes-objetos-devemos-as-marcas,https://arquivo.pt/wayback/20200620225416/https://observador.pt/2016/01/03/20-nomes-objetos-devemos-as-marcas/,https://arquivo.pt/textextracted?m=https%3A%2F%2Fobservador.pt%2F2016%2F01%2F03%2F20-nomes-objetos-devemos-as-marcas%2F%2F20200620225416,20200620225416,2016-01-03,20 nomes de objetos que devemos às marcas – Observador,text/html,['benfica'],"['""Benfica SAD"" ""emissão de obrigações""']",['financeira'],[2020],1,https://observador.pt/2016/01/03/20-nomes-objetos-devemos-as-marcas/,True,https://arquivo.pt/wayback/20200620225416/https://observador.pt/2016/01/03/20-nomes-objetos-devemos-as-marcas/,2016-01-03,2020-06-20 22:54:16,2016-01-03,url,True,2016.0,2016,2016-01-03
1dc7170c20e0c2de,observador,noticiosa,https://observador.pt/2018/08/15/ana-a-princesa-que-fez-3-capas-da-vogue-e-quase-foi-raptada-faz-68-anos/,https://observador.pt/2018/08/15/ana-a-princesa-que-fez-3-capas-da-vogue-e-quase-foi-raptada-faz-68-anos,https://arquivo.pt/wayback/20200620224352/https://observador.pt/2018/08/15/ana-a-princesa-que-fez-3-capas-da-vogue-e-quase-foi-raptada-faz-68-anos/,https://arquivo.pt/textextracted?m=https%3A%2F%2Fobservador.pt%2F2018%2F08%2F15%2Fana-a-princesa-que-fez-3-capas-da-vogue-e-quase-foi-raptada-faz-68-anos%2F%2F20200620224352,20200620224352,2018-08-15,Ana: a princesa que fez 3 capas da Vogue e quase foi raptada faz 68 anos – Observador,text/html,['benfica'],"['""Benfica SAD"" ""emissão de obrigações""']",['financeira'],[2020],1,https://observador.pt/2018/08/15/ana-a-princesa-que-fez-3-capas-da-vogue-e-quase-foi-raptada-faz-68-anos/,True,https://arquivo.pt/wayback/20200620224352/https://observador.pt/2018/08/15/ana-a-princesa-que-fez-3-capas-da-vogue-e-quase-foi-raptada-faz-68-anos/,2018-08-15,2020-06-20 22:43:52,2018-08-15,url,True,2018.0,2018,2018-08-15
1fe435b0b84cfa56,observador,noticiosa,https://observador.pt/2018/01/10/dakar2018-loeb-abandona-depois-de-problemas-nas-dunas-e-lesao-de-copiloto/,https://observador.pt/2018/01/10/dakar2018-loeb-abandona-depois-de-problemas-nas-dunas-e-lesao-de-copiloto,https://arquivo.pt/wayback/20190919035307/https://observador.pt/2018/01/10/dakar2018-loeb-abandona-depois-de-problemas-nas-dunas-e-lesao-de-copiloto/,https://arquivo.pt/textextracted?m=https%3A%2F%2Fobservador.pt%2F2018%2F01%2F10%2Fdakar2018-loeb-abandona-depois-de-problemas-nas-dunas-e-lesao-de-copiloto%2F%2F20190919035307,20190919035307,2018-01-10,Dakar2018: Loeb abandona depois de problemas nas dunas e lesão de copiloto – Observador,text/html,['benfica'],"['""Benfica SAD""']",['geral'],[2019],1,https://observador.pt/2018/01/10/dakar2018-loeb-abandona-depois-de-problemas-nas-dunas-e-lesao-de-copiloto/,True,https://arquivo.pt/wayback/20190919035307/https://observador.pt/2018/01/10/dakar2018-loeb-abandona-depois-de-problemas-nas-dunas-e-lesao-de-copiloto/,2018-01-10,2019-09-19 03:53:07,2018-01-10,url,True,2018.0,2018,2018-01-10
216419129bdd0bc1,observador,noticiosa,https://observador.pt/2018/12/10/escoces-madden-arbitra-benfica-aek-e-austriaco-schuettengruber-sporting-vorskla/,https://observador.pt/2018/12/10/escoces-madden-arbitra-benfica-aek-e-austriaco-schuettengruber-sporting-vorskla,https://arquivo.pt/wayback/20190221210414/https://observador.pt/2018/12/10/escoces-madden-arbitra-benfica-aek-e-austriaco-schuettengruber-sporting-vorskla/,https://arquivo.pt/textextracted?m=https%3A%2F%2Fobservador.pt%2F2018%2F12%2F10%2Fescoces-madden-arbitra-benfica-aek-e-austriaco-schuettengruber-sporting-vorskla%2F%2F20190221210414,20190221210414,2018-12-10,Escocês Madden arbitra Benfica-AEK e austríaco Schuettengruber Sporting-Vorskla – Observador,text/html,['porto'],"['""FC Porto SAD""']",['geral'],[2019],1,https://observador.pt/2018/12/10/escoces-madden-arbitra-benfica-aek-e-austriaco-schuettengruber-sporting-vorskla/,True,https://arquivo.pt/wayback/20190221210414/https://observador.pt/2018/12/10/escoces-madden-arbitra-benfica-aek-e-austriaco-schuettengruber-sporting-vorskla/,2018-12-10,2019-02-21 21:04:14,2018-12-10,url,True,2018.0,2018,2018-12-10
24870edb2afdce8f,observador,noticiosa,https://observador.pt/2018/01/03/cirurgia-na-anca-deixa-carreira-de-andy-murray-no-limbo/,https://observador.pt/2018/01/03/cirurgia-na-anca-deixa-carreira-de-andy-murray-no-limbo,https://arquivo.pt/wayback/20190919035347/https://observador.pt/2018/01/03/cirurgia-na-anca-deixa-carreira-de-andy-murray-no-limbo/,https://arquivo.pt/textextracted?m=https%3A%2F%2Fobservador.pt%2F2018%2F01%2F03%2Fcirurgia-na-anca-deixa-carreira-de-andy-murray-no-limbo%2F%2F20190919035347,20190919035347,2018-01-03,Cirurgia na anca deixa carreira de Andy Murray no limbo – Observador,text/html,['benfica'],"['""Benfica SAD""']",['geral'],[2019],1,https://observador.pt/2018/01/03/cirurgia-na-anca-deixa-carreira-de-andy-murray-no-limbo/,True,https://arquivo.pt/wayback/20190919035347/https://observador.pt/2018/01/03/cirurgia-na-anca-deixa-carreira-de-andy-murray-no-limbo/,2018-01-03,2019-09-19 03:53:47,2018-01-03,url,True,2018.0,2018,2018-01-03
2b3d1cdf9e535ebd,observador,noticiosa,https://observador.pt/2015/04/09/tripadvisor-compra-portuguesa-best-tables-nao-mexer/,https://observador.pt/2015/04/09/tripadvisor-compra-portuguesa-best-tables-nao-mexer,https://arquivo.pt/wayback/20190918231125/https://observador.pt/2015/04/09/tripadvisor-compra-portuguesa-best-tables-nao-mexer/,https://arquivo.pt/textextracted?m=https%3A%2F%2Fobservador.pt%2F2015%2F04%2F09%2Ftripadvisor-compra-portuguesa-best-tables-nao-mexer%2F%2F20190918231125,20190918231125,2015-04-09,TripAdvisor comprou uma startup portuguesa. A BestTables – Observador,text/html,['benfica'],"['""Benfica SAD""']",['geral'],[2019],1,https://observador.pt/2015/04/09/tripadvisor-compra-portuguesa-best-tables-nao-mexer/,True,https://arquivo.pt/wayback/20190918231125/https://observador.pt/2015/04/09/tripadvisor-compra-portuguesa-best-tables-nao-mexer/,2015-04-09,2019-09-18 23:11:25,2015-04-09,url,True,2015.0,2015,2015-04-09
2b99a3437476e320,observador,noticiosa,https://observador.pt/2018/12/21/ine-divulga-saldo-orcamental-ate-setembro/,https://observador.pt/2018/12/21/ine-divulga-saldo-orcamental-ate-setembro,https://arquivo.pt/wayback/20190306195427/https://observador.pt/2018/12/21/ine-divulga-saldo-orcamental-ate-setembro/,https://arquivo.pt/textextracted?m=https%3A%2F%2Fobservador.pt%2F2018%2F12%2F21%2Fine-divulga-saldo-orcamental-ate-setembro%2F%2F20190306195427,20190306195427,2018-12-21,INE divulga saldo orçamental até setembro – Observador,text/html,['sporting'],"['""Sporting SAD"" ""injeção de capital""']",['financeira'],[2019],1,https://observador.pt/2018/12/21/ine-divulga-saldo-orcamental-ate-setembro/,True,https://arquivo.pt/wayback/20190306195427/https://observador.pt/2018/12/21/ine-divulga-saldo-orcamental-ate-setembro/,2018-12-21,2019-03-06 19:54:27,2018-12-21,url,True,2018.0,2018,2018-12-21
2e4353e78c10c87b,observador,noticiosa,https://observador.pt/2018/11/07/adeptos-do-ajax-entram-em-confrontos-com-a-policia-antes-do-jogo-com-o-benfica/,https://observador.pt/2018/11/07/adeptos-do-ajax-entram-em-confrontos-com-a-policia-antes-do-jogo-com-o-benfica,https://arquivo.pt/wayback/20190221211054/https://observador.pt/2018/11/07/adeptos-do-ajax-entram-em-confrontos-com-a-policia-antes-do-jogo-com-o-benfica/,https://arquivo.pt/textextracted?m=https%3A%2F%2Fobservador.pt%2F2018%2F11%2F07%2Fadeptos-do-ajax-entram-em-confrontos-com-a-policia-antes-do-jogo-com-o-benfica%2F%2F20190221211054,20190221211054,2018-11-07,Adeptos do Ajax entram em confrontos com a polícia antes do jogo com o Benfica – Observador,text/html,['porto'],"['""FC Porto SAD""']",['geral'],[2019],1,https://observador.pt/2018/11/07/adeptos-do-ajax-entram-em-confrontos-com-a-policia-antes-do-jogo-com-o-benfica/,True,https://arquivo.pt/wayback/20190221211054/https://observador.pt/2018/11/07/adeptos-do-ajax-entram-em-confrontos-com-a-policia-antes-do-jogo-com-o-benfica/,2018-11-07,2019-02-21 21:10:54,2018-11-07,url,True,2018.0,2018,2018-11-07
30a03875fe78b0e9,observador,noticiosa,https://observador.pt/2018/12/09/arbitro-bielorrusso-aleksei-kulbakov-no-galatasaray-fc-porto-da-liga-dos-campeoes/,https://observador.pt/2018/12/09/arbitro-bielorrusso-aleksei-kulbakov-no-galatasaray-fc-porto-da-liga-dos-campeoes,https://arquivo.pt/wayback/20190221210429/https://observador.pt/2018/12/09/arbitro-bielorrusso-aleksei-kulbakov-no-galatasaray-fc-porto-da-liga-dos-campeoes/,https://arquivo.pt/textextracted?m=https%3A%2F%2Fobservador.pt%2F2018%2F12%2F09%2Farbitro-bielorrusso-aleksei-kulbakov-no-galatasaray-fc-porto-da-liga-dos-campeoes%2F%2F20190221210429,20190221210429,2018-12-09,Árbitro bielorrusso Aleksei Kulbakov no Galatasaray-FC Porto da Liga dos Campeões – Observador,text/html,['porto'],"['""FC Porto SAD""']",['geral'],[2019],1,https://observador.pt/2018/12/09/arbitro-bielorrusso-aleksei-kulbakov-no-galatasaray-fc-porto-da-liga-dos-campeoes/,True,https://arquivo.pt/wayback/20190221210429/https://observador.pt/2018/12/09/arbitro-bielorrusso-aleksei-kulbakov-no-galatasaray-fc-porto-da-liga-dos-campeoes/,2018-12-09,2019-02-21 21:04:29,2018-12-09,url,True,2018.0,2018,2018-12-09
35d90ebbc3f7f060,observador,noticiosa,https://observador.pt/2015/12/20/si-sao-protagonistas-inverno/,https://observador.pt/2015/12/20/si-sao-protagonistas-inverno,https://arquivo.pt/wayback/20190221193949/https://observador.pt/2015/12/20/si-sao-protagonistas-inverno/,https://arquivo.pt/textextracted?m=https%3A%2F%2Fobservador.pt%2F2015%2F12%2F20%2Fsi-sao-protagonistas-inverno%2F%2F20190221193949,20190221193949,2015-12-20,"Sí, são protagonistas de inverno – Observador",text/html,['porto'],"['""FC Porto SAD""']",['geral'],[2019],1,https://observador.pt/2015/12/20/si-sao-protagonistas-inverno/,True,https://arquivo.pt/wayback/20190221193949/https://observador.pt/2015/12/20/si-sao-protagonistas-inverno/,2015-12-20,2019-02-21 19:39:49,2015-12-20,url,True,2015.0,2015,2015-12-20
3ef7c719471cdcaa,observador,noticiosa,https://observador.pt/2018/12/11/fc-porto-encerra-fase-de-grupos-da-liga-dos-campeoes-no-terreno-do-galatasaray/,https://observador.pt/2018/12/11/fc-porto-encerra-fase-de-grupos-da-liga-dos-campeoes-no-terreno-do-galatasaray,https://arquivo.pt/wayback/20190221210343/https://observador.pt/2018/12/11/fc-porto-encerra-fase-de-grupos-da-liga-dos-campeoes-no-terreno-do-galatasaray/,https://arquivo.pt/textextracted?m=https%3A%2F%2Fobservador.pt%2F2018%2F12%2F11%2Ffc-porto-encerra-fase-de-grupos-da-liga-dos-campeoes-no-terreno-do-galatasaray%2F%2F20190221210343,20190221210343,2018-12-11,FC Porto encerra fase de grupos da Liga dos Campeões no terreno do Galatasaray – Observador,text/html,['porto'],"['""FC Porto SAD""']",['geral'],[2019],1,https://observador.pt/2018/12/11/fc-porto-encerra-fase-de-grupos-da-liga-dos-campeoes-no-terreno-do-galatasaray/,True,https://arquivo.pt/wayback/20190221210343/https://observador.pt/2018/12/11/fc-porto-encerra-fase-de-grupos-da-liga-dos-campeoes-no-terreno-do-galatasaray/,2018-12-11,2019-02-21 21:03:43,2018-12-11,url,True,2018.0,2018,2018-12-11
465ccd0d462ec517,publico,noticiosa,https://www.publico.pt/2018/12/21/desporto/noticia/etoupeira-1855592/amp,https://publico.pt/2018/12/21/desporto/noticia/etoupeira-1855592,https://arquivo.pt/wayback/20200111035041/https://www.publico.pt/2018/12/21/desporto/noticia/etoupeira-1855592/amp,https://arquivo.pt/textextracted?m=https%3A%2F%2Fwww.publico.pt%2F2018%2F12%2F21%2Fdesporto%2Fnoticia%2Fetoupeira-1855592%2Famp%2F20200111035041,20200111035041,2018-12-21,SAD do Benfica ilibada de todos os crimes no caso “e-Toupeira” | Justiça | PÚBLICO,text/html,['benfica'],"['""Benfica SAD""']",['geral'],"[2019, 2020]",3,https://www.publico.pt/2018/12/21/desporto/noticia/etoupeira-1855592/amp,True,https://arquivo.pt/wayback/20200111035041/https://www.publico.pt/2018/12/21/desporto/noticia/etoupeira-1855592/amp,2018-12-21,2020-01-11 03:50:41,2018-12-21,url,True,2018.0,2018,2018-12-21
4fcab1458c984f65,observador,noticiosa,https://observador.pt/2018/09/06/a-otimizacao-de-custos-e-importante-mas-a-sustentabilidade-financeira-do-sporting-passa-pelo-aumento-de-receitas/,https://observador.pt/2018/09/06/a-otimizacao-de-custos-e-importante-mas-a-sustentabilidade-financeira-do-sporting-passa-pelo-aumento-de-receitas,https://arquivo.pt/wayback/20200613200321/https://observador.pt/2018/09/06/a-otimizacao-de-custos-e-importante-mas-a-sustentabilidade-financeira-do-sporting-passa-pelo-aumento-de-receitas/,https://arquivo.pt/textextracted?m=https%3A%2F%2Fobservador.pt%2F2018%2F09%2F06%2Fa-otimizacao-de-custos-e-importante-mas-a-sustentabilidade-financeira-do-sporting-passa-pelo-aumento-de-receitas%2F%2F20200613200321,20200613200321,2018-09-06,“A otimização de custos é importante mas a sustentabilidade financeira do Sporting passa pelo aument,text/html,['sporting'],"['""Sporting SAD"" ""empréstimo obrigacionista""']",['financeira'],[2020],1,https://observador.pt/2018/09/06/a-otimizacao-de-custos-e-importante-mas-a-sustentabilidade-financeira-do-sporting-passa-pelo-aumento-de-receitas/,True,https://arquivo.pt/wayback/20200613200321/https://observador.pt/2018/09/06/a-otimizacao-de-custos-e-importante-mas-a-sustentabilidade-financeira-do-sporting-passa-pelo-aumento-de-receitas/,2018-09-06,2020-06-13 20:03:21,2018-09-06,url,True,2018.0,2018,2018-09-06
55ea1f07a1332268,publico,noticiosa,https://www.publico.pt/2017/09/19/desporto/noticia/benfica-regista-o-maior-lucro-da-historia-1785975,https://publico.pt/2017/09/19/desporto/noticia/benfica-regista-o-maior-lucro-da-historia-1785975,https://arquivo.pt/wayback/20190906015545/https://www.publico.pt/2017/09/19/desporto/noticia/benfica-regista-o-maior-lucro-da-historia-1785975,https://arquivo.pt/textextracted?m=https%3A%2F%2Fwww.publico.pt%2F2017%2F09%2F19%2Fdesporto%2Fnoticia%2Fbenfica-regista-o-maior-lucro-da-historia-1785975%2F20190906015545,20190906015545,2017-09-19,Benfica regista o maior lucro da história | SL Benfica | PÚBLICO,text/html,"['benfica', 'sporting']","['""Benfica SAD""', '""Sporting SAD""']",['geral'],[2019],2,https://www.publico.pt/2017/09/19/desporto/noticia/benfica-regista-o-maior-lucro-da-historia-1785975,True,https://arquivo.pt/wayback/20190906015545/https://www.publico.pt/2017/09/19/desporto/noticia/benfica-regista-o-maior-lucro-da-historia-1785975,2017-09-19,2019-09-06 01:55:45,2017-09-19,url,True,2017.0,2017,2017-09-19
575a71db106018cb,observador,noticiosa,https://observador.pt/2018/06/06/guilherme-pinheiro-administrador-da-sad-do-sporting-apresenta-demissao/amp/,https://observador.pt/2018/06/06/guilherme-pinheiro-administrador-da-sad-do-sporting-apresenta-demissao,https://arquivo.pt/wayback/20190607041659/https://observador.pt/2018/06/06/guilherme-pinheiro-administrador-da-sad-do-sporting-apresenta-demissao/amp/,https://arquivo.pt/textextracted?m=https%3A%2F%2Fobservador.pt%2F2018%2F06%2F06%2Fguilherme-pinheiro-administrador-da-sad-do-sporting-apresenta-demissao%2Famp%2F%2F20190607041659,20190607041659,2018-06-06,"Administrador executivo da SAD do Sporting apresenta demissão, Bruno de Carvalho dá conferência – Ob",text/html,['sporting'],"['""Sporting SAD""']",['geral'],[2019],2,https://observador.pt/2018/06/06/guilherme-pinheiro-administrador-da-sad-do-sporting-apresenta-demissao/amp/,True,https://arquivo.pt/wayback/20190607041659/https://observador.pt/2018/06/06/guilherme-pinheiro-administrador-da-sad-do-sporting-apresenta-demissao/amp/,2018-06-06,2019-06-07 04:16:59,2018-06-06,url,True,2018.0,2018,2018-06-06
676251ab6b4dafaf,observador,noticiosa,https://observador.pt/2015/12/04/do-fungaga-a-arca-de-noe-os-animais-que-foram-nossos-amigos-na-televisao/,https://observador.pt/2015/12/04/do-fungaga-a-arca-de-noe-os-animais-que-foram-nossos-amigos-na-televisao,https://arquivo.pt/wayback/20200620225343/https://observador.pt/2015/12/04/do-fungaga-a-arca-de-noe-os-animais-que-foram-nossos-amigos-na-televisao/,https://arquivo.pt/textextracted?m=https%3A%2F%2Fobservador.pt%2F2015%2F12%2F04%2Fdo-fungaga-a-arca-de-noe-os-animais-que-foram-nossos-amigos-na-televisao%2F%2F20200620225343,20200620225343,2015-12-04,"Do Fungagá à Arca de Noé, os animais que foram nossos amigos na televisão – Observador",text/html,['benfica'],"['""Benfica SAD"" ""emissão de obrigações""']",['financeira'],[2020],1,https://observador.pt/2015/12/04/do-fungaga-a-arca-de-noe-os-animais-que-foram-nossos-amigos-na-televisao/,True,https://arquivo.pt/wayback/20200620225343/https://observador.pt/2015/12/04/do-fungaga-a-arca-de-noe-os-animais-que-foram-nossos-amigos-na-televisao/,2015-12-04,2020-06-20 22:53:43,2015-12-04,url,True,2015.0,2015,2015-12-04
6986c673a20a1c19,observador,noticiosa,https://observador.pt/2017/02/05/os-desportos-mais-violentos-do-mundo-gladiadores-ninjas-e-australianos/,https://observador.pt/2017/02/05/os-desportos-mais-violentos-do-mundo-gladiadores-ninjas-e-australianos,https://arquivo.pt/wayback/20190919040024/https://observador.pt/2017/02/05/os-desportos-mais-violentos-do-mundo-gladiadores-ninjas-e-australianos/,https://arquivo.pt/textextracted?m=https%3A%2F%2Fobservador.pt%2F2017%2F02%2F05%2Fos-desportos-mais-violentos-do-mundo-gladiadores-ninjas-e-australianos%2F%2F20190919040024,20190919040024,2017-02-05,"Os desportos mais violentos do mundo. Gladiadores, ninjas e… australianos – Observador",text/html,['benfica'],"['""Benfica SAD""']",['geral'],[2019],1,https://observador.pt/2017/02/05/os-desportos-mais-violentos-do-mundo-gladiadores-ninjas-e-australianos/,True,https://arquivo.pt/wayback/20190919040024/https://observador.pt/2017/02/05/os-desportos-mais-violentos-do-mundo-gladiadores-ninjas-e-australianos/,2017-02-05,2019-09-19 04:00:24,2017-02-05,url,True,2017.0,2017,2017-02-05
69e0b20eee78c84e,observador,noticiosa,https://observador.pt/2016/03/24/on-an-on-icon-love/,https://observador.pt/2016/03/24/on-an-on-icon-love,https://arquivo.pt/wayback/20200620224344/https://observador.pt/2016/03/24/on-an-on-icon-love/,https://arquivo.pt/textextracted?m=https%3A%2F%2Fobservador.pt%2F2016%2F03%2F24%2Fon-an-on-icon-love%2F%2F20200620224344,20200620224344,2016-03-24,ON AN ON – Icon Love – Observador,text/html,['benfica'],"['""Benfica SAD"" ""emissão de obrigações""']",['financeira'],[2020],1,https://observador.pt/2016/03/24/on-an-on-icon-love/,True,https://arquivo.pt/wayback/20200620224344/https://observador.pt/2016/03/24/on-an-on-icon-love/,2016-03-24,2020-06-20 22:43:44,2016-03-24,url,True,2016.0,2016,2016-03-24
6dce93704ec89721,observador,noticiosa,https://observador.pt/2018/06/25/policia-judiciaria-do-porto-faz-buscas-na-sad-do-benfica-por-suspeitas-de-corrupcao/,https://observador.pt/2018/06/25/policia-judiciaria-do-porto-faz-buscas-na-sad-do-benfica-por-suspeitas-de-corrupcao,https://arquivo.pt/wayback/20200505201222/https://observador.pt/2018/06/25/policia-judiciaria-do-porto-faz-buscas-na-sad-do-benfica-por-suspeitas-de-corrupcao/,https://arquivo.pt/textextracted?m=https%3A%2F%2Fobservador.pt%2F2018%2F06%2F25%2Fpolicia-judiciaria-do-porto-faz-buscas-na-sad-do-benfica-por-suspeitas-de-corrupcao%2F%2F20200505201222,20200505201222,2018-06-25,Operação ‘Mala Ciao’:PJ do Porto faz buscas na SAD do Benfica por suspeitas de corrupção – Observado,text/html,['benfica'],"['""Benfica - Futebol SAD""']",['geral'],[2020],1,https://observador.pt/2018/06/25/policia-judiciaria-do-porto-faz-buscas-na-sad-do-benfica-por-suspeitas-de-corrupcao/,True,https://arquivo.pt/wayback/20200505201222/https://observador.pt/2018/06/25/policia-judiciaria-do-porto-faz-buscas-na-sad-do-benfica-por-suspeitas-de-corrupcao/,2018-06-25,2020-05-05 20:12:22,2018-06-25,url,True,2018.0,2018,2018-06-25
6e3113c60098d5c3,observador,noticiosa,https://observador.pt/2014/08/09/pt/,https://observador.pt/2014/08/09/pt,https://arquivo.pt/wayback/20190306193355/https://observador.pt/2014/08/09/pt/,https://arquivo.pt/textextracted?m=https%3A%2F%2Fobservador.pt%2F2014%2F08%2F09%2Fpt%2F%2F20190306193355,20190306193355,2014-08-09,CMVM investiga relações entre a PT e o Grupo Espírito Santo – Observador,text/html,['sporting'],"['""Sporting SAD"" ""papel comercial""']",['financeira'],[2019],1,https://observador.pt/2014/08/09/pt/,True,https://arquivo.pt/wayback/20190306193355/https://observador.pt/2014/08/09/pt/,2014-08-09,2019-03-06 19:33:55,2014-08-09,url,True,2014.0,2014,2014-08-09
6e3a590515636fde,observador,noticiosa,https://observador.pt/2018/11/07/o-pior-registo-de-uma-equipa-portuguesa-na-champions-o-pior-registo-do-benfica-e-o-fim-do-registo-de-pizzi/,https://observador.pt/2018/11/07/o-pior-registo-de-uma-equipa-portuguesa-na-champions-o-pior-registo-do-benfica-e-o-fim-do-registo-de-pizzi,https://arquivo.pt/wayback/20190221211004/https://observador.pt/2018/11/07/o-pior-registo-de-uma-equipa-portuguesa-na-champions-o-pior-registo-do-benfica-e-o-fim-do-registo-de-pizzi/,https://arquivo.pt/textextracted?m=https%3A%2F%2Fobservador.pt%2F2018%2F11%2F07%2Fo-pior-registo-de-uma-equipa-portuguesa-na-champions-o-pior-registo-do-benfica-e-o-fim-do-registo-de-pizzi%2F%2F20190221211004,20190221211004,2018-11-07,"O pior registo de uma equipa portuguesa na Champions, o pior registo do Benfica e o fim do registo d",text/html,"['benfica', 'porto']","['""Benfica SAD""', '""FC Porto SAD""']",['geral'],[2019],2,https://observador.pt/2018/11/07/o-pior-registo-de-uma-equipa-portuguesa-na-champions-o-pior-registo-do-benfica-e-o-fim-do-registo-de-pizzi/,True,https://arquivo.pt/wayback/20190221211004/https://observador.pt/2018/11/07/o-pior-registo-de-uma-equipa-portuguesa-na-champions-o-pior-registo-do-benfica-e-o-fim-do-registo-de-pizzi/,2018-11-07,2019-02-21 21:10:04,2018-11-07,url,True,2018.0,2018,2018-11-07
70056eb26dea4b6c,observador,noticiosa,https://observador.pt/2018/01/25/oupas-design-no-lixo-nao-no-papelao/,https://observador.pt/2018/01/25/oupas-design-no-lixo-nao-no-papelao,https://arquivo.pt/wayback/20200620225135/https://observador.pt/2018/01/25/oupas-design-no-lixo-nao-no-papelao/,https://arquivo.pt/textextracted?m=https%3A%2F%2Fobservador.pt%2F2018%2F01%2F25%2Foupas-design-no-lixo-nao-no-papelao%2F%2F20200620225135,20200620225135,2018-01-25,"Oupas! Design no lixo? Não, no papelão – Observador",text/html,['benfica'],"['""Benfica SAD"" ""emissão de obrigações""']",['financeira'],[2020],1,https://observador.pt/2018/01/25/oupas-design-no-lixo-nao-no-papelao/,True,https://arquivo.pt/wayback/20200620225135/https://observador.pt/2018/01/25/oupas-design-no-lixo-nao-no-papelao/,2018-01-25,2020-06-20 22:51:35,2018-01-25,url,True,2018.0,2018,2018-01-25
7875a7403df2d6c7,observador,noticiosa,https://observador.pt/2018/12/11/o-segredo-para-alcancar-um-feito-e-pensar-logo-no-proximo-a-cronica-do-galatasaray-fc-porto/,https://observador.pt/2018/12/11/o-segredo-para-alcancar-um-feito-e-pensar-logo-no-proximo-a-cronica-do-galatasaray-fc-porto,https://arquivo.pt/wayback/20190221210312/https://observador.pt/2018/12/11/o-segredo-para-alcancar-um-feito-e-pensar-logo-no-proximo-a-cronica-do-galatasaray-fc-porto/,https://arquivo.pt/textextracted?m=https%3A%2F%2Fobservador.pt%2F2018%2F12%2F11%2Fo-segredo-para-alcancar-um-feito-e-pensar-logo-no-proximo-a-cronica-do-galatasaray-fc-porto%2F%2F20190221210312,20190221210312,2018-12-11,O segredo para alcançar um feito é pensar logo no seguinte (a crónica do Galatasaray-FC Porto) – Obs,text/html,['porto'],"['""FC Porto SAD""']",['geral'],[2019],1,https://observador.pt/2018/12/11/o-segredo-para-alcancar-um-feito-e-pensar-logo-no-proximo-a-cronica-do-galatasaray-fc-porto/,True,https://arquivo.pt/wayback/20190221210312/https://observador.pt/2018/12/11/o-segredo-para-alcancar-um-feito-e-pensar-logo-no-proximo-a-cronica-do-galatasaray-fc-porto/,2018-12-11,2019-02-21 21:03:12,2018-12-11,url,True,2018.0,2018,2018-12-11
78dec69227760619,observador,noticiosa,https://observador.pt/2018/11/09/uefa-abre-processo-disciplinar-a-incidentes-no-jogo-entre-benfica-e-ajax/,https://observador.pt/2018/11/09/uefa-abre-processo-disciplinar-a-incidentes-no-jogo-entre-benfica-e-ajax,https://arquivo.pt/wayback/20190221210910/https://observador.pt/2018/11/09/uefa-abre-processo-disciplinar-a-incidentes-no-jogo-entre-benfica-e-ajax/,https://arquivo.pt/textextracted?m=https%3A%2F%2Fobservador.pt%2F2018%2F11%2F09%2Fuefa-abre-processo-disciplinar-a-incidentes-no-jogo-entre-benfica-e-ajax%2F%2F20190221210910,20190221210910,2018-11-09,UEFA abre processo disciplinar a incidentes no jogo entre Benfica e Ajax – Observador,text/html,"['benfica', 'porto']","['""Benfica SAD""', '""FC Porto SAD""']",['geral'],[2019],2,https://observador.pt/2018/11/09/uefa-abre-processo-disciplinar-a-incidentes-no-jogo-entre-benfica-e-ajax/,True,https://arquivo.pt/wayback/20190221210910/https://observador.pt/2018/11/09/uefa-abre-processo-disciplinar-a-incidentes-no-jogo-entre-benfica-e-ajax/,2018-11-09,2019-02-21 21:09:10,2018-11-09,url,True,2018.0,2018,2018-11-09
798ce69690837172,observador,noticiosa,https://observador.pt/2018/11/28/sergio-como-jesualdo-marega-como-jardel-e-65-milhoes-como-quem-nao-quer-a-coisa/,https://observador.pt/2018/11/28/sergio-como-jesualdo-marega-como-jardel-e-65-milhoes-como-quem-nao-quer-a-coisa,https://arquivo.pt/wayback/20190221210519/https://observador.pt/2018/11/28/sergio-como-jesualdo-marega-como-jardel-e-65-milhoes-como-quem-nao-quer-a-coisa/,https://arquivo.pt/textextracted?m=https%3A%2F%2Fobservador.pt%2F2018%2F11%2F28%2Fsergio-como-jesualdo-marega-como-jardel-e-65-milhoes-como-quem-nao-quer-a-coisa%2F%2F20190221210519,20190221210519,2018-11-28,"Sérgio como Jesualdo, Marega como Jardel e 65 milhões… como quem não quer a coisa – Observador",text/html,['porto'],"['""FC Porto SAD""']",['geral'],[2019],1,https://observador.pt/2018/11/28/sergio-como-jesualdo-marega-como-jardel-e-65-milhoes-como-quem-nao-quer-a-coisa/,True,https://arquivo.pt/wayback/20190221210519/https://observador.pt/2018/11/28/sergio-como-jesualdo-marega-como-jardel-e-65-milhoes-como-quem-nao-quer-a-coisa/,2018-11-28,2019-02-21 21:05:19,2018-11-28,url,True,2018.0,2018,2018-11-28
7a924ba086038ee8,observador,noticiosa,https://observador.pt/2018/11/28/fc-porto-nos-oitavos-de-final-da-liga-dos-campeoes-sem-jogar/,https://observador.pt/2018/11/28/fc-porto-nos-oitavos-de-final-da-liga-dos-campeoes-sem-jogar,https://arquivo.pt/wayback/20190221210557/https://observador.pt/2018/11/28/fc-porto-nos-oitavos-de-final-da-liga-dos-campeoes-sem-jogar/,https://arquivo.pt/textextracted?m=https%3A%2F%2Fobservador.pt%2F2018%2F11%2F28%2Ffc-porto-nos-oitavos-de-final-da-liga-dos-campeoes-sem-jogar%2F%2F20190221210557,20190221210557,2018-11-28,FC Porto nos oitavos de final da Liga dos Campeões sem jogar – Observador,text/html,['porto'],"['""FC Porto SAD""']",['geral'],[2019],1,https://observador.pt/2018/11/28/fc-porto-nos-oitavos-de-final-da-liga-dos-campeoes-sem-jogar/,True,https://arquivo.pt/wayback/20190221210557/https://observador.pt/2018/11/28/fc-porto-nos-oitavos-de-final-da-liga-dos-campeoes-sem-jogar/,2018-11-28,2019-02-21 21:05:57,2018-11-28,url,True,2018.0,2018,2018-11-28
7b1d396b1c81b41e,observador,noticiosa,https://observador.pt/2018/11/15/nao-vi-buraco-ou-anormalidade-a-nivel-contabilistico-rescisoes-contactos-com-clubes-tem-sido-positivos/embed/,https://observador.pt/2018/11/15/nao-vi-buraco-ou-anormalidade-a-nivel-contabilistico-rescisoes-contactos-com-clubes-tem-sido-positivos,https://arquivo.pt/wayback/20190309045700/https://observador.pt/2018/11/15/nao-vi-buraco-ou-anormalidade-a-nivel-contabilistico-rescisoes-contactos-com-clubes-tem-sido-positivos/embed/,https://arquivo.pt/textextracted?m=https%3A%2F%2Fobservador.pt%2F2018%2F11%2F15%2Fnao-vi-buraco-ou-anormalidade-a-nivel-contabilistico-rescisoes-contactos-com-clubes-tem-sido-positivos%2Fembed%2F%2F20190309045700,20190309045700,2018-11-15,“Não vi buraco ou anormalidade a nível contabilístico. Rescisões? Contactos com clubes têm sido posi,text/html,['sporting'],"['""Sporting SAD"" ""empréstimo obrigacionista""']",['financeira'],[2019],1,https://observador.pt/2018/11/15/nao-vi-buraco-ou-anormalidade-a-nivel-contabilistico-rescisoes-contactos-com-clubes-tem-sido-positivos/embed/,True,https://arquivo.pt/wayback/20190309045700/https://observador.pt/2018/11/15/nao-vi-buraco-ou-anormalidade-a-nivel-contabilistico-rescisoes-contactos-com-clubes-tem-sido-positivos/embed/,2018-11-15,2019-03-09 04:57:00,2018-11-15,url,True,2018.0,2018,2018-11-15
80ed0deea99c4a6b,observador,noticiosa,https://observador.pt/2017/03/31/tillerson-denuncia-agressao-russa-na-ucrania-antes-de-reuniao-da-nato/,https://observador.pt/2017/03/31/tillerson-denuncia-agressao-russa-na-ucrania-antes-de-reuniao-da-nato,https://arquivo.pt/wayback/20200620224409/https://observador.pt/2017/03/31/tillerson-denuncia-agressao-russa-na-ucrania-antes-de-reuniao-da-nato/,https://arquivo.pt/textextracted?m=https%3A%2F%2Fobservador.pt%2F2017%2F03%2F31%2Ftillerson-denuncia-agressao-russa-na-ucrania-antes-de-reuniao-da-nato%2F%2F20200620224409,20200620224409,2017-03-31,Tillerson denuncia “agressão russa na Ucrânia” antes de reunião da NATO – Observador,text/html,['benfica'],"['""Benfica SAD"" ""emissão de obrigações""']",['financeira'],[2020],1,https://observador.pt/2017/03/31/tillerson-denuncia-agressao-russa-na-ucrania-antes-de-reuniao-da-nato/,True,https://arquivo.pt/wayback/20200620224409/https://observador.pt/2017/03/31/tillerson-denuncia-agressao-russa-na-ucrania-antes-de-reuniao-da-nato/,2017-03-31,2020-06-20 22:44:09,2017-03-31,url,True,2017.0,2017,2017-03-31
8102e93216ae155d,observador,noticiosa,https://observador.pt/2017/02/21/be-abre-na-quarta-feira-debate-quinzenal-com-o-governo-no-parlamento/,https://observador.pt/2017/02/21/be-abre-na-quarta-feira-debate-quinzenal-com-o-governo-no-parlamento,https://arquivo.pt/wayback/20200620224420/https://observador.pt/2017/02/21/be-abre-na-quarta-feira-debate-quinzenal-com-o-governo-no-parlamento/,https://arquivo.pt/textextracted?m=https%3A%2F%2Fobservador.pt%2F2017%2F02%2F21%2Fbe-abre-na-quarta-feira-debate-quinzenal-com-o-governo-no-parlamento%2F%2F20200620224420,20200620224420,2017-02-21,BE abre na quarta-feira debate quinzenal com o Governo no parlamento – Observador,text/html,['benfica'],"['""Benfica SAD"" ""emissão de obrigações""']",['financeira'],[2020],1,https://observador.pt/2017/02/21/be-abre-na-quarta-feira-debate-quinzenal-com-o-governo-no-parlamento/,True,https://arquivo.pt/wayback/20200620224420/https://observador.pt/2017/02/21/be-abre-na-quarta-feira-debate-quinzenal-com-o-governo-no-parlamento/,2017-02-21,2020-06-20 22:44:20,2017-02-21,url,True,2017.0,2017,2017-02-21
83975d0c3c5339ae,observador,noticiosa,https://observador.pt/2018/12/19/estado-tem-8-843-mil-milhoes-em-risco-potencial-nos-emprestimos-para-resolucao-de-bancos/,https://observador.pt/2018/12/19/estado-tem-8-843-mil-milhoes-em-risco-potencial-nos-emprestimos-para-resolucao-de-bancos,https://arquivo.pt/wayback/20190306195506/https://observador.pt/2018/12/19/estado-tem-8-843-mil-milhoes-em-risco-potencial-nos-emprestimos-para-resolucao-de-bancos/,https://arquivo.pt/textextracted?m=https%3A%2F%2Fobservador.pt%2F2018%2F12%2F19%2Festado-tem-8-843-mil-milhoes-em-risco-potencial-nos-emprestimos-para-resolucao-de-bancos%2F%2F20190306195506,20190306195506,2018-12-19,Estado tem 8.843 mil milhões em risco potencial nos empréstimos para resolução de bancos – Observado,text/html,['sporting'],"['""Sporting SAD"" ""aumento de capital""']",['financeira'],[2019],1,https://observador.pt/2018/12/19/estado-tem-8-843-mil-milhoes-em-risco-potencial-nos-emprestimos-para-resolucao-de-bancos/,True,https://arquivo.pt/wayback/20190306195506/https://observador.pt/2018/12/19/estado-tem-8-843-mil-milhoes-em-risco-potencial-nos-emprestimos-para-resolucao-de-bancos/,2018-12-19,2019-03-06 19:55:06,2018-12-19,url,True,2018.0,2018,2018-12-19
8bf25ef180be3251,observador,noticiosa,https://observador.pt/2018/12/21/portugal-regista-excedente-orcamental-de-07-ate-setembro/,https://observador.pt/2018/12/21/portugal-regista-excedente-orcamental-de-07-ate-setembro,https://arquivo.pt/wayback/20190306195354/https://observador.pt/2018/12/21/portugal-regista-excedente-orcamental-de-07-ate-setembro/,https://arquivo.pt/textextracted?m=https%3A%2F%2Fobservador.pt%2F2018%2F12%2F21%2Fportugal-regista-excedente-orcamental-de-07-ate-setembro%2F%2F20190306195354,20190306195354,2018-12-21,"Portugal regista excedente orçamental de 0,7% até setembro – Observador",text/html,['sporting'],"['""Sporting SAD"" ""papel comercial""']",['financeira'],[2019],1,https://observador.pt/2018/12/21/portugal-regista-excedente-orcamental-de-07-ate-setembro/,True,https://arquivo.pt/wayback/20190306195354/https://observador.pt/2018/12/21/portugal-regista-excedente-orcamental-de-07-ate-setembro/,2018-12-21,2019-03-06 19:53:54,2018-12-21,url,True,2018.0,2018,2018-12-21
8d09ce8b2d6d35a7,publico,noticiosa,https://www.publico.pt/2018/12/30/desporto/cronica%20de%20jogo/fc-porto-vence-belenenses-sad-segue-frente-taca-liga-1856293,https://publico.pt/2018/12/30/desporto/cronica%20de%20jogo/fc-porto-vence-belenenses-sad-segue-frente-taca-liga-1856293,https://arquivo.pt/wayback/20200110021233/https://www.publico.pt/2018/12/30/desporto/cronica%20de%20jogo/fc-porto-vence-belenenses-sad-segue-frente-taca-liga-1856293,https://arquivo.pt/textextracted?m=https%3A%2F%2Fwww.publico.pt%2F2018%2F12%2F30%2Fdesporto%2Fcronica%2520de%2520jogo%2Ffc-porto-vence-belenenses-sad-segue-frente-taca-liga-1856293%2F20200110021233,20200110021233,2018-12-30,FC Porto garante recorde e lugar nas meias-finais da Taça da Liga | Crónica de jogo | PÚBLICO,text/html,['porto'],"['""FC Porto SAD""']",['geral'],[2020],1,https://www.publico.pt/2018/12/30/desporto/cronica de jogo/fc-porto-vence-belenenses-sad-segue-frente-taca-liga-1856293,False,https://www.publico.pt/2018/12/30/desporto/cronica%20de%20jogo/fc-porto-vence-belenenses-sad-segue-frente-taca-liga-1856293,2018-12-30,2020-01-10 02:12:33,2018-12-30,url,True,2018.0,2018,2018-12-30
8f84a719505b2e78,observador,noticiosa,https://observador.pt/2017/05/13/benfica-tetracampeao-rui-vitoria-o-tetra-e-as-aulas-de-historia/,https://observador.pt/2017/05/13/benfica-tetracampeao-rui-vitoria-o-tetra-e-as-aulas-de-historia,https://arquivo.pt/wayback/20200623191827/https://observador.pt/2017/05/13/benfica-tetracampeao-rui-vitoria-o-tetra-e-as-aulas-de-historia/,https://arquivo.pt/textextracted?m=https%3A%2F%2Fobservador.pt%2F2017%2F05%2F13%2Fbenfica-tetracampeao-rui-vitoria-o-tetra-e-as-aulas-de-historia%2F%2F20200623191827,20200623191827,2017-05-13,"Benfica tetracampeão. Rui Vitória, o tetra e as aulas de História – Observador",text/html,['benfica'],"['""Benfica SAD"" ""emissão de obrigações""']",['financeira'],[2020],1,https://observador.pt/2017/05/13/benfica-tetracampeao-rui-vitoria-o-tetra-e-as-aulas-de-historia/,True,https://arquivo.pt/wayback/20200623191827/https://observador.pt/2017/05/13/benfica-tetracampeao-rui-vitoria-o-tetra-e-as-aulas-de-historia/,2017-05-13,2020-06-23 19:18:27,2017-05-13,url,True,2017.0,2017,2017-05-13
93f2f060151ddcec,observador,noticiosa,https://observador.pt/2018/04/24/a-maquina-da-nasa-que-o-benfica-esta-a-usar-para-recuperar-jonas/,https://observador.pt/2018/04/24/a-maquina-da-nasa-que-o-benfica-esta-a-usar-para-recuperar-jonas,https://arquivo.pt/wayback/20190919034848/https://observador.pt/2018/04/24/a-maquina-da-nasa-que-o-benfica-esta-a-usar-para-recuperar-jonas/,https://arquivo.pt/textextracted?m=https%3A%2F%2Fobservador.pt%2F2018%2F04%2F24%2Fa-maquina-da-nasa-que-o-benfica-esta-a-usar-para-recuperar-jonas%2F%2F20190919034848,20190919034848,2018-04-24,A máquina da NASA que o Benfica está a usar para recuperar Jonas – Observador,text/html,['benfica'],"['""Benfica SAD""']",['geral'],[2019],1,https://observador.pt/2018/04/24/a-maquina-da-nasa-que-o-benfica-esta-a-usar-para-recuperar-jonas/,True,https://arquivo.pt/wayback/20190919034848/https://observador.pt/2018/04/24/a-maquina-da-nasa-que-o-benfica-esta-a-usar-para-recuperar-jonas/,2018-04-24,2019-09-19 03:48:48,2018-04-24,url,True,2018.0,2018,2018-04-24
95e00a924f6f366f,observador,noticiosa,https://observador.pt/2018/11/28/um-guia-rapido-de-como-fazer-em-tres-minutos-o-que-ninguem-fizera-em-seis-horas-a-cronica-do-fc-porto-schalke-04/,https://observador.pt/2018/11/28/um-guia-rapido-de-como-fazer-em-tres-minutos-o-que-ninguem-fizera-em-seis-horas-a-cronica-do-fc-porto-schalke-04,https://arquivo.pt/wayback/20190221210538/https://observador.pt/2018/11/28/um-guia-rapido-de-como-fazer-em-tres-minutos-o-que-ninguem-fizera-em-seis-horas-a-cronica-do-fc-porto-schalke-04/,https://arquivo.pt/textextracted?m=https%3A%2F%2Fobservador.pt%2F2018%2F11%2F28%2Fum-guia-rapido-de-como-fazer-em-tres-minutos-o-que-ninguem-fizera-em-seis-horas-a-cronica-do-fc-porto-schalke-04%2F%2F20190221210538,20190221210538,2018-11-28,Um guia rápido de como fazer em três minutos o que ninguém fizera em seis horas (a crónica do FC Por,text/html,['porto'],"['""FC Porto SAD""']",['geral'],[2019],1,https://observador.pt/2018/11/28/um-guia-rapido-de-como-fazer-em-tres-minutos-o-que-ninguem-fizera-em-seis-horas-a-cronica-do-fc-porto-schalke-04/,True,https://arquivo.pt/wayback/20190221210538/https://observador.pt/2018/11/28/um-guia-rapido-de-como-fazer-em-tres-minutos-o-que-ninguem-fizera-em-seis-horas-a-cronica-do-fc-porto-schalke-04/,2018-11-28,2019-02-21 21:05:38,2018-11-28,url,True,2018.0,2018,2018-11-28
9ab74110eb351be1,observador,noticiosa,https://observador.pt/2018/12/12/fc-porto-e-a-melhor-equipa-da-champions-e-conhece-adversarios-do-carrasco-do-benfica-a-armada-inglesa/,https://observador.pt/2018/12/12/fc-porto-e-a-melhor-equipa-da-champions-e-conhece-adversarios-do-carrasco-do-benfica-a-armada-inglesa,https://arquivo.pt/wayback/20190221210135/https://observador.pt/2018/12/12/fc-porto-e-a-melhor-equipa-da-champions-e-conhece-adversarios-do-carrasco-do-benfica-a-armada-inglesa/,https://arquivo.pt/textextracted?m=https%3A%2F%2Fobservador.pt%2F2018%2F12%2F12%2Ffc-porto-e-a-melhor-equipa-da-champions-e-conhece-adversarios-do-carrasco-do-benfica-a-armada-inglesa%2F%2F20190221210135,20190221210135,2018-12-12,"FC Porto é a melhor equipa da Champions e conhece adversários, do carrasco do Benfica à armada ingle",text/html,['porto'],"['""FC Porto SAD""']",['geral'],[2019],1,https://observador.pt/2018/12/12/fc-porto-e-a-melhor-equipa-da-champions-e-conhece-adversarios-do-carrasco-do-benfica-a-armada-inglesa/,True,https://arquivo.pt/wayback/20190221210135/https://observador.pt/2018/12/12/fc-porto-e-a-melhor-equipa-da-champions-e-conhece-adversarios-do-carrasco-do-benfica-a-armada-inglesa/,2018-12-12,2019-02-21 21:01:35,2018-12-12,url,True,2018.0,2018,2018-12-12
9cca51170fcf3aee,publico,noticiosa,https://www.publico.pt/2018/09/05/desporto/noticia/ministerio-publico-quer-benfica-fora-das-competicoes-entre-seis-meses-a-tres-anos-1843072,https://publico.pt/2018/09/05/desporto/noticia/ministerio-publico-quer-benfica-fora-das-competicoes-entre-seis-meses-a-tres-anos-1843072,https://arquivo.pt/wayback/20190504193826/https://www.publico.pt/2018/09/05/desporto/noticia/ministerio-publico-quer-benfica-fora-das-competicoes-entre-seis-meses-a-tres-anos-1843072,https://arquivo.pt/textextracted?m=https%3A%2F%2Fwww.publico.pt%2F2018%2F09%2F05%2Fdesporto%2Fnoticia%2Fministerio-publico-quer-benfica-fora-das-competicoes-entre-seis-meses-a-tres-anos-1843072%2F20190504193826,20190504193826,2018-09-05,Ministério Público quer Benfica fora das competições entre seis meses a três anos | Futebol | PÚBLIC,text/html,['benfica'],"['""Benfica SAD""']",['geral'],[2019],1,https://www.publico.pt/2018/09/05/desporto/noticia/ministerio-publico-quer-benfica-fora-das-competicoes-entre-seis-meses-a-tres-anos-1843072,True,https://arquivo.pt/wayback/20190504193826/https://www.publico.pt/2018/09/05/desporto/noticia/ministerio-publico-quer-benfica-fora-das-competicoes-entre-seis-meses-a-tres-anos-1843072,2018-09-05,2019-05-04 19:38:26,2018-09-05,url,True,2018.0,2018,2018-09-05
9e947f116e4fd911,observador,noticiosa,https://observador.pt/2018/06/23/jon-snow-casou-se-num-castelo-mas-nao-foi-em-westeros-veja-aqui-as-fotos/,https://observador.pt/2018/06/23/jon-snow-casou-se-num-castelo-mas-nao-foi-em-westeros-veja-aqui-as-fotos,https://arquivo.pt/wayback/20191126083940/https://observador.pt/2018/06/23/jon-snow-casou-se-num-castelo-mas-nao-foi-em-westeros-veja-aqui-as-fotos/,https://arquivo.pt/textextracted?m=https%3A%2F%2Fobservador.pt%2F2018%2F06%2F23%2Fjon-snow-casou-se-num-castelo-mas-nao-foi-em-westeros-veja-aqui-as-fotos%2F%2F20191126083940,20191126083940,2018-06-23,"Jon Snow casou-se num castelo, mas não foi em Westeros. Veja aqui as fotos – Observador",text/html,['porto'],"['""FC Porto SAD""']",['geral'],[2019],1,https://observador.pt/2018/06/23/jon-snow-casou-se-num-castelo-mas-nao-foi-em-westeros-veja-aqui-as-fotos/,True,https://arquivo.pt/wayback/20191126083940/https://observador.pt/2018/06/23/jon-snow-casou-se-num-castelo-mas-nao-foi-em-westeros-veja-aqui-as-fotos/,2018-06-23,2019-11-26 08:39:40,2018-06-23,url,True,2018.0,2018,2018-06-23
a270bdd8e47b255b,observador,noticiosa,https://observador.pt/2018/11/17/presidente-da-republica-receia-que-numero-de-propostas-atrase-promulgacao-do-orcamento-de-estado/,https://observador.pt/2018/11/17/presidente-da-republica-receia-que-numero-de-propostas-atrase-promulgacao-do-orcamento-de-estado,https://arquivo.pt/wayback/20190302044652/https://observador.pt/2018/11/17/presidente-da-republica-receia-que-numero-de-propostas-atrase-promulgacao-do-orcamento-de-estado/,https://arquivo.pt/textextracted?m=https%3A%2F%2Fobservador.pt%2F2018%2F11%2F17%2Fpresidente-da-republica-receia-que-numero-de-propostas-atrase-promulgacao-do-orcamento-de-estado%2F%2F20190302044652,20190302044652,2018-11-17,Presidente da República receia que número de propostas atrase promulgação do Orçamento de Estado – O,text/html,['benfica'],"['""Benfica SAD""']",['geral'],[2019],1,https://observador.pt/2018/11/17/presidente-da-republica-receia-que-numero-de-propostas-atrase-promulgacao-do-orcamento-de-estado/,True,https://arquivo.pt/wayback/20190302044652/https://observador.pt/2018/11/17/presidente-da-republica-receia-que-numero-de-propostas-atrase-promulgacao-do-orcamento-de-estado/,2018-11-17,2019-03-02 04:46:52,2018-11-17,url,True,2018.0,2018,2018-11-17
aeea86356d356e9e,observador,noticiosa,https://observador.pt/2016/05/12/video-10-truques-melhor-lavar-roupa/,https://observador.pt/2016/05/12/video-10-truques-melhor-lavar-roupa,https://arquivo.pt/wayback/20200620222844/https://observador.pt/2016/05/12/video-10-truques-melhor-lavar-roupa/,https://arquivo.pt/textextracted?m=https%3A%2F%2Fobservador.pt%2F2016%2F05%2F12%2Fvideo-10-truques-melhor-lavar-roupa%2F%2F20200620222844,20200620222844,2016-05-12,Vídeo. 10 truques para (melhor) lavar roupa – Observador,text/html,['benfica'],"['""Benfica SAD"" ""emissão de obrigações""']",['financeira'],[2020],1,https://observador.pt/2016/05/12/video-10-truques-melhor-lavar-roupa/,True,https://arquivo.pt/wayback/20200620222844/https://observador.pt/2016/05/12/video-10-truques-melhor-lavar-roupa/,2016-05-12,2020-06-20 22:28:44,2016-05-12,url,True,2016.0,2016,2016-05-12
b0ef95c8754927c7,observador,noticiosa,https://observador.pt/2018/03/04/uma-milha-em-menos-de-4-minutos-morreu-o-primeiro-a-faze-lo-roger-bannister/,https://observador.pt/2018/03/04/uma-milha-em-menos-de-4-minutos-morreu-o-primeiro-a-faze-lo-roger-bannister,https://arquivo.pt/wayback/20190919035100/https://observador.pt/2018/03/04/uma-milha-em-menos-de-4-minutos-morreu-o-primeiro-a-faze-lo-roger-bannister/,https://arquivo.pt/textextracted?m=https%3A%2F%2Fobservador.pt%2F2018%2F03%2F04%2Fuma-milha-em-menos-de-4-minutos-morreu-o-primeiro-a-faze-lo-roger-bannister%2F%2F20190919035100,20190919035100,2018-03-04,"Uma milha em menos de 4 minutos. Morreu o primeiro a fazê-lo, Roger Bannister – Observador",text/html,['benfica'],"['""Benfica SAD""']",['geral'],[2019],1,https://observador.pt/2018/03/04/uma-milha-em-menos-de-4-minutos-morreu-o-primeiro-a-faze-lo-roger-bannister/,True,https://arquivo.pt/wayback/20190919035100/https://observador.pt/2018/03/04/uma-milha-em-menos-de-4-minutos-morreu-o-primeiro-a-faze-lo-roger-bannister/,2018-03-04,2019-09-19 03:51:00,2018-03-04,url,True,2018.0,2018,2018-03-04
b439a5e13be573b4,publico,noticiosa,https://www.publico.pt/2011/05/13/desporto/noticia/ricardo-costa-vai-pedir-condenacao-em-litigancia-de-ma-fe-do-fc-porto-1494015/amp,https://publico.pt/2011/05/13/desporto/noticia/ricardo-costa-vai-pedir-condenacao-em-litigancia-de-ma-fe-do-fc-porto-1494015,https://arquivo.pt/wayback/20200121040358/https://www.publico.pt/2011/05/13/desporto/noticia/ricardo-costa-vai-pedir-condenacao-em-litigancia-de-ma-fe-do-fc-porto-1494015/amp,https://arquivo.pt/textextracted?m=https%3A%2F%2Fwww.publico.pt%2F2011%2F05%2F13%2Fdesporto%2Fnoticia%2Fricardo-costa-vai-pedir-condenacao-em-litigancia-de-ma-fe-do-fc-porto-1494015%2Famp%2F20200121040358,20200121040358,2011-05-13,"Ricardo Costa vai pedir condenação ""em litigância de má fé"" do FC Porto | Futebol nacional | PÚBLICO",text/html,['porto'],"['""FC Porto SAD""']",['geral'],"[2019, 2020]",2,https://www.publico.pt/2011/05/13/desporto/noticia/ricardo-costa-vai-pedir-condenacao-em-litigancia-de-ma-fe-do-fc-porto-1494015/amp,True,https://arquivo.pt/wayback/20200121040358/https://www.publico.pt/2011/05/13/desporto/noticia/ricardo-costa-vai-pedir-condenacao-em-litigancia-de-ma-fe-do-fc-porto-1494015/amp,2011-05-13,2020-01-21 04:03:58,2011-05-13,url,True,2011.0,2011,2011-05-13
bf0cfe01ef2a034d,publico,noticiosa,https://www.publico.pt/2012/01/31/desporto/noticia/yannick-djalo-e-reforco-do-benfica-por-quatro-epocas-e-meia--1531473,https://publico.pt/2012/01/31/desporto/noticia/yannick-djalo-e-reforco-do-benfica-por-quatro-epocas-e-meia--1531473,https://arquivo.pt/wayback/20200513021615/https://www.publico.pt/2012/01/31/desporto/noticia/yannick-djalo-e-reforco-do-benfica-por-quatro-epocas-e-meia--1531473,https://arquivo.pt/textextracted?m=https%3A%2F%2Fwww.publico.pt%2F2012%2F01%2F31%2Fdesporto%2Fnoticia%2Fyannick-djalo-e-reforco-do-benfica-por-quatro-epocas-e-meia--1531473%2F20200513021615,20200513021615,2012-01-31,Yannick Djaló é reforço do Benfica por quatro épocas e meia | Futebol | PÚBLICO,text/html,['benfica'],"['""Benfica - Futebol SAD""']",['geral'],[2020],1,https://www.publico.pt/2012/01/31/desporto/noticia/yannick-djalo-e-reforco-do-benfica-por-quatro-epocas-e-meia--1531473,True,https://arquivo.pt/wayback/20200513021615/https://www.publico.pt/2012/01/31/desporto/noticia/yannick-djalo-e-reforco-do-benfica-por-quatro-epocas-e-meia--1531473,2012-01-31,2020-05-13 02:16:15,2012-01-31,url,True,2012.0,2012,2012-01-31
c25aee62c8998ce4,observador,noticiosa,https://observador.pt/2018/06/25/ongoing-deixou-calote-de-700-milhoes-no-novo-banco-e-bcp-80-dos-creditos-que-recebeu/,https://observador.pt/2018/06/25/ongoing-deixou-calote-de-700-milhoes-no-novo-banco-e-bcp-80-dos-creditos-que-recebeu,https://arquivo.pt/wayback/20191119025737/https://observador.pt/2018/06/25/ongoing-deixou-calote-de-700-milhoes-no-novo-banco-e-bcp-80-dos-creditos-que-recebeu/,https://arquivo.pt/textextracted?m=https%3A%2F%2Fobservador.pt%2F2018%2F06%2F25%2Fongoing-deixou-calote-de-700-milhoes-no-novo-banco-e-bcp-80-dos-creditos-que-recebeu%2F%2F20191119025737,20191119025737,2018-06-25,Ongoing deixou “calote” de 700 milhões no Novo Banco e BCP – 80% dos créditos que recebeu – Observad,text/html,['porto'],"['""FC Porto SAD""']",['geral'],[2019],1,https://observador.pt/2018/06/25/ongoing-deixou-calote-de-700-milhoes-no-novo-banco-e-bcp-80-dos-creditos-que-recebeu/,True,https://arquivo.pt/wayback/20191119025737/https://observador.pt/2018/06/25/ongoing-deixou-calote-de-700-milhoes-no-novo-banco-e-bcp-80-dos-creditos-que-recebeu/,2018-06-25,2019-11-19 02:57:37,2018-06-25,url,True,2018.0,2018,2018-06-25
cc735ab613499092,publico,noticiosa,https://www.publico.pt/2013/06/21/desporto/noticia/estadio-jose-alvalade-dado-como-hipoteca-aos-bancos-credores-do-sporting-1598014/amp,https://publico.pt/2013/06/21/desporto/noticia/estadio-jose-alvalade-dado-como-hipoteca-aos-bancos-credores-do-sporting-1598014,https://arquivo.pt/wayback/20200119120355/https://www.publico.pt/2013/06/21/desporto/noticia/estadio-jose-alvalade-dado-como-hipoteca-aos-bancos-credores-do-sporting-1598014/amp,https://arquivo.pt/textextracted?m=https%3A%2F%2Fwww.publico.pt%2F2013%2F06%2F21%2Fdesporto%2Fnoticia%2Festadio-jose-alvalade-dado-como-hipoteca-aos-bancos-credores-do-sporting-1598014%2Famp%2F20200119120355,20200119120355,2013-06-21,Estádio José Alvalade dado como hipoteca aos bancos credores do Sporting | Futebol | PÚBLICO,text/html,['sporting'],"['""Sporting SAD""']",['geral'],"[2019, 2020]",2,https://www.publico.pt/2013/06/21/desporto/noticia/estadio-jose-alvalade-dado-como-hipoteca-aos-bancos-credores-do-sporting-1598014/amp,True,https://arquivo.pt/wayback/20200119120355/https://www.publico.pt/2013/06/21/desporto/noticia/estadio-jose-alvalade-dado-como-hipoteca-aos-bancos-credores-do-sporting-1598014/amp,2013-06-21,2020-01-19 12:03:55,2013-06-21,url,True,2013.0,2013,2013-06-21
cf179398b877edc2,observador,noticiosa,https://observador.pt/2018/11/27/a-ma-fase-o-mau-momento-e-o-desafio-que-os-numeros-nao-deixam-esconder-mas-de-que-rui-vitoria-nao-quer-falar/,https://observador.pt/2018/11/27/a-ma-fase-o-mau-momento-e-o-desafio-que-os-numeros-nao-deixam-esconder-mas-de-que-rui-vitoria-nao-quer-falar,https://arquivo.pt/wayback/20190221210623/https://observador.pt/2018/11/27/a-ma-fase-o-mau-momento-e-o-desafio-que-os-numeros-nao-deixam-esconder-mas-de-que-rui-vitoria-nao-quer-falar/,https://arquivo.pt/textextracted?m=https%3A%2F%2Fobservador.pt%2F2018%2F11%2F27%2Fa-ma-fase-o-mau-momento-e-o-desafio-que-os-numeros-nao-deixam-esconder-mas-de-que-rui-vitoria-nao-quer-falar%2F%2F20190221210623,20190221210623,2018-11-27,"A “má fase”, o “mau momento” e o “desafio” que os números não deixam esconder mas de que Rui Vitória",text/html,"['benfica', 'porto']","['""Benfica SAD""', '""FC Porto SAD""']",['geral'],[2019],2,https://observador.pt/2018/11/27/a-ma-fase-o-mau-momento-e-o-desafio-que-os-numeros-nao-deixam-esconder-mas-de-que-rui-vitoria-nao-quer-falar/,True,https://arquivo.pt/wayback/20190221210623/https://observador.pt/2018/11/27/a-ma-fase-o-mau-momento-e-o-desafio-que-os-numeros-nao-deixam-esconder-mas-de-que-rui-vitoria-nao-quer-falar/,2018-11-27,2019-02-21 21:06:23,2018-11-27,url,True,2018.0,2018,2018-11-27
d0e6a0b9d8dfb3fa,publico,noticiosa,https://www.publico.pt/2014/10/01/desporto/noticia/sad-do-sporting-aprova-queixa-contra-godinho-lopes-em-ag-1671588/amp,https://publico.pt/2014/10/01/desporto/noticia/sad-do-sporting-aprova-queixa-contra-godinho-lopes-em-ag-1671588,https://arquivo.pt/wayback/20200119120459/https://www.publico.pt/2014/10/01/desporto/noticia/sad-do-sporting-aprova-queixa-contra-godinho-lopes-em-ag-1671588/amp,https://arquivo.pt/textextracted?m=https%3A%2F%2Fwww.publico.pt%2F2014%2F10%2F01%2Fdesporto%2Fnoticia%2Fsad-do-sporting-aprova-queixa-contra-godinho-lopes-em-ag-1671588%2Famp%2F20200119120459,20200119120459,2014-10-01,SAD do Sporting aprova queixa contra Godinho Lopes em AG | Futebol | PÚBLICO,text/html,['sporting'],"['""Sporting SAD""']",['geral'],"[2019, 2020]",2,https://www.publico.pt/2014/10/01/desporto/noticia/sad-do-sporting-aprova-queixa-contra-godinho-lopes-em-ag-1671588/amp,True,https://arquivo.pt/wayback/20200119120459/https://www.publico.pt/2014/10/01/desporto/noticia/sad-do-sporting-aprova-queixa-contra-godinho-lopes-em-ag-1671588/amp,2014-10-01,2020-01-19 12:04:59,2014-10-01,url,True,2014.0,2014,2014-10-01
d23732e29cb258d1,publico,noticiosa,https://www.publico.pt/2018/10/03/desporto/noticia/sad-do-benfica-alega-total-desconhecimento-no-caso-etoupeira-1846169?utm_source=feedburner&utm_medium=feed&utm_campaign=Feed%3A+PublicoRSS+%28Publico.pt%29,https://publico.pt/2018/10/03/desporto/noticia/sad-do-benfica-alega-total-desconhecimento-no-caso-etoupeira-1846169,https://arquivo.pt/wayback/20190325073058/https://www.publico.pt/2018/10/03/desporto/noticia/sad-do-benfica-alega-total-desconhecimento-no-caso-etoupeira-1846169?utm_source=feedburner&utm_medium=feed&utm_campaign=Feed%3A+PublicoRSS+%28Publico.pt%29,https://arquivo.pt/textextracted?m=https%3A%2F%2Fwww.publico.pt%2F2018%2F10%2F03%2Fdesporto%2Fnoticia%2Fsad-do-benfica-alega-total-desconhecimento-no-caso-etoupeira-1846169%3Futm_source%3Dfeedburner%26utm_medium%3Dfeed%26utm_campaign%3DFeed%253A%2BPublicoRSS%2B%2528Publico.pt%2529%2F20190325073058,20190325073058,2018-10-03,"SAD do Benfica alega ""total desconhecimento"" no caso “E-toupeira” | Justiça | PÚBLICO",text/html,['benfica'],"['""Benfica SAD""']",['geral'],[2019],1,https://www.publico.pt/2018/10/03/desporto/noticia/sad-do-benfica-alega-total-desconhecimento-no-caso-etoupeira-1846169?utm_source=feedburner&utm_medium=feed&utm_campaign=Feed:+PublicoRSS+(Publico.pt),True,https://arquivo.pt/wayback/20190325073058/https://www.publico.pt/2018/10/03/desporto/noticia/sad-do-benfica-alega-total-desconhecimento-no-caso-etoupeira-1846169?utm_source=feedburner&utm_medium=feed&utm_campaign=Feed%3A+PublicoRSS+%28Publico.pt%29,2018-10-03,2019-03-25 07:30:58,2018-10-03,url,True,2018.0,2018,2018-10-03
d3abe2f9d3431428,observador,noticiosa,https://observador.pt/2014/12/18/ready-jeans-calcas-que-protegem-dos-hackers/,https://observador.pt/2014/12/18/ready-jeans-calcas-que-protegem-dos-hackers,https://arquivo.pt/wayback/20200620222141/https://observador.pt/2014/12/18/ready-jeans-calcas-que-protegem-dos-hackers/,https://arquivo.pt/textextracted?m=https%3A%2F%2Fobservador.pt%2F2014%2F12%2F18%2Fready-jeans-calcas-que-protegem-dos-hackers%2F%2F20200620222141,20200620222141,2014-12-18,"“Ready Jeans”, as calças que protegem dos hackers – Observador",text/html,['benfica'],"['""Benfica SAD"" ""emissão de obrigações""']",['financeira'],[2020],1,https://observador.pt/2014/12/18/ready-jeans-calcas-que-protegem-dos-hackers/,True,https://arquivo.pt/wayback/20200620222141/https://observador.pt/2014/12/18/ready-jeans-calcas-que-protegem-dos-hackers/,2014-12-18,2020-06-20 22:21:41,2014-12-18,url,True,2014.0,2014,2014-12-18
d69313c1f2acd131,observador,noticiosa,https://observador.pt/2018/05/23/holdimo-nega-qualquer-divida-a-sporting-futebol-sad/embed/,https://observador.pt/2018/05/23/holdimo-nega-qualquer-divida-a-sporting-futebol-sad,https://arquivo.pt/wayback/20201130014610/https://observador.pt/2018/05/23/holdimo-nega-qualquer-divida-a-sporting-futebol-sad/embed/,https://arquivo.pt/textextracted?m=https%3A%2F%2Fobservador.pt%2F2018%2F05%2F23%2Fholdimo-nega-qualquer-divida-a-sporting-futebol-sad%2Fembed%2F%2F20201130014610,20201130014610,2018-05-23,"Holdimo nega ""qualquer dívida à Sporting Futebol SAD""",text/html,['sporting'],"['""Sporting - Futebol SAD""']",['geral'],[2020],1,https://observador.pt/2018/05/23/holdimo-nega-qualquer-divida-a-sporting-futebol-sad/embed/,True,https://arquivo.pt/wayback/20201130014610/https://observador.pt/2018/05/23/holdimo-nega-qualquer-divida-a-sporting-futebol-sad/embed/,2018-05-23,2020-11-30 01:46:10,2018-05-23,url,True,2018.0,2018,2018-05-23
d75551c23f166240,observador,noticiosa,https://observador.pt/2018/11/20/grupo-de-notaveis-do-sporting-subscreve-obrigacoes-da-sad-ja-foram-subscritos-115-milhoes-do-emprestimo-obrigacionista/,https://observador.pt/2018/11/20/grupo-de-notaveis-do-sporting-subscreve-obrigacoes-da-sad-ja-foram-subscritos-115-milhoes-do-emprestimo-obrigacionista,https://arquivo.pt/wayback/20200512135640/https://observador.pt/2018/11/20/grupo-de-notaveis-do-sporting-subscreve-obrigacoes-da-sad-ja-foram-subscritos-115-milhoes-do-emprestimo-obrigacionista/,https://arquivo.pt/textextracted?m=https%3A%2F%2Fobservador.pt%2F2018%2F11%2F20%2Fgrupo-de-notaveis-do-sporting-subscreve-obrigacoes-da-sad-ja-foram-subscritos-115-milhoes-do-emprestimo-obrigacionista%2F%2F20200512135640,20200512135640,2018-11-20,"Grupo de notáveis do Sporting subscreve obrigações da SAD. Já foram subscritos 11,5 milhões do empré",text/html,['sporting'],"['""Sporting SAD""']",['geral'],[2020],1,https://observador.pt/2018/11/20/grupo-de-notaveis-do-sporting-subscreve-obrigacoes-da-sad-ja-foram-subscritos-115-milhoes-do-emprestimo-obrigacionista/,True,https://arquivo.pt/wayback/20200512135640/https://observador.pt/2018/11/20/grupo-de-notaveis-do-sporting-subscreve-obrigacoes-da-sad-ja-foram-subscritos-115-milhoes-do-emprestimo-obrigacionista/,2018-11-20,2020-05-12 13:56:40,2018-11-20,url,True,2018.0,2018,2018-11-20
d97fec525d42a7fc,observador,noticiosa,https://observador.pt/2016/06/03/wave-vence-concurso-da-uber-em-portugal/,https://observador.pt/2016/06/03/wave-vence-concurso-da-uber-em-portugal,https://arquivo.pt/wayback/20200620222238/https://observador.pt/2016/06/03/wave-vence-concurso-da-uber-em-portugal/,https://arquivo.pt/textextracted?m=https%3A%2F%2Fobservador.pt%2F2016%2F06%2F03%2Fwave-vence-concurso-da-uber-em-portugal%2F%2F20200620222238,20200620222238,2016-06-03,Wave vence concurso da Uber em Portugal – Observador,text/html,['benfica'],"['""Benfica SAD"" ""emissão de obrigações""']",['financeira'],[2020],1,https://observador.pt/2016/06/03/wave-vence-concurso-da-uber-em-portugal/,True,https://arquivo.pt/wayback/20200620222238/https://observador.pt/2016/06/03/wave-vence-concurso-da-uber-em-portugal/,2016-06-03,2020-06-20 22:22:38,2016-06-03,url,True,2016.0,2016,2016-06-03
daaf849ad29ad184,observador,noticiosa,https://observador.pt/2018/09/25/conselho-de-disciplina-confirma-jogos-a-porta-fechada-para-benfica-e-sp-braga/,https://observador.pt/2018/09/25/conselho-de-disciplina-confirma-jogos-a-porta-fechada-para-benfica-e-sp-braga,https://arquivo.pt/wayback/20200505211856/https://observador.pt/2018/09/25/conselho-de-disciplina-confirma-jogos-a-porta-fechada-para-benfica-e-sp-braga/,https://arquivo.pt/textextracted?m=https%3A%2F%2Fobservador.pt%2F2018%2F09%2F25%2Fconselho-de-disciplina-confirma-jogos-a-porta-fechada-para-benfica-e-sp-braga%2F%2F20200505211856,20200505211856,2018-09-25,CD confirma jogos à porta fechada para Benfica e Sp. Braga. Venda de bilhetes para o Benfica-FC Port,text/html,['benfica'],"['""Benfica - Futebol SAD""']",['geral'],[2020],1,https://observador.pt/2018/09/25/conselho-de-disciplina-confirma-jogos-a-porta-fechada-para-benfica-e-sp-braga/,True,https://arquivo.pt/wayback/20200505211856/https://observador.pt/2018/09/25/conselho-de-disciplina-confirma-jogos-a-porta-fechada-para-benfica-e-sp-braga/,2018-09-25,2020-05-05 21:18:56,2018-09-25,url,True,2018.0,2018,2018-09-25
dd3f5503d05b432b,observador,noticiosa,https://observador.pt/2015/02/14/youtube-10-anos-revolucionar-internet/,https://observador.pt/2015/02/14/youtube-10-anos-revolucionar-internet,https://arquivo.pt/wayback/20200620222830/https://observador.pt/2015/02/14/youtube-10-anos-revolucionar-internet/,https://arquivo.pt/textextracted?m=https%3A%2F%2Fobservador.pt%2F2015%2F02%2F14%2Fyoutube-10-anos-revolucionar-internet%2F%2F20200620222830,20200620222830,2015-02-14,YouTube: 10 anos a revolucionar a internet – Observador,text/html,['benfica'],"['""Benfica SAD"" ""emissão de obrigações""']",['financeira'],[2020],1,https://observador.pt/2015/02/14/youtube-10-anos-revolucionar-internet/,True,https://arquivo.pt/wayback/20200620222830/https://observador.pt/2015/02/14/youtube-10-anos-revolucionar-internet/,2015-02-14,2020-06-20 22:28:30,2015-02-14,url,True,2015.0,2015,2015-02-14
e0a9e3136fcd7148,observador,noticiosa,https://observador.pt/2018/11/29/contas-do-estado-com-saldo-positivo-de-259-milhoes-ate-outubro-excluindo-banca/,https://observador.pt/2018/11/29/contas-do-estado-com-saldo-positivo-de-259-milhoes-ate-outubro-excluindo-banca,https://arquivo.pt/wayback/20190306200306/https://observador.pt/2018/11/29/contas-do-estado-com-saldo-positivo-de-259-milhoes-ate-outubro-excluindo-banca/,https://arquivo.pt/textextracted?m=https%3A%2F%2Fobservador.pt%2F2018%2F11%2F29%2Fcontas-do-estado-com-saldo-positivo-de-259-milhoes-ate-outubro-excluindo-banca%2F%2F20190306200306,20190306200306,2018-11-29,"Contas do Estado com saldo positivo de 259 milhões até outubro, excluindo banca – Observador",text/html,['sporting'],"['""Sporting SAD"" ""injeção de capital""']",['financeira'],[2019],1,https://observador.pt/2018/11/29/contas-do-estado-com-saldo-positivo-de-259-milhoes-ate-outubro-excluindo-banca/,True,https://arquivo.pt/wayback/20190306200306/https://observador.pt/2018/11/29/contas-do-estado-com-saldo-positivo-de-259-milhoes-ate-outubro-excluindo-banca/,2018-11-29,2019-03-06 20:03:06,2018-11-29,url,True,2018.0,2018,2018-11-29
e10ec58746303a22,observador,noticiosa,https://observador.pt/2017/05/19/bni-europa-quer-resolver-problema-das-pensoes-baixas-solucao-esta-na-sua-casa/,https://observador.pt/2017/05/19/bni-europa-quer-resolver-problema-das-pensoes-baixas-solucao-esta-na-sua-casa,https://arquivo.pt/wayback/20190306192126/https://observador.pt/2017/05/19/bni-europa-quer-resolver-problema-das-pensoes-baixas-solucao-esta-na-sua-casa/,https://arquivo.pt/textextracted?m=https%3A%2F%2Fobservador.pt%2F2017%2F05%2F19%2Fbni-europa-quer-resolver-problema-das-pensoes-baixas-solucao-esta-na-sua-casa%2F%2F20190306192126,20190306192126,2017-05-19,BNI Europa quer resolver problema das pensões baixas. Solução está na sua casa – Observador,text/html,['sporting'],"['""Sporting SAD"" ""injeção de capital""']",['financeira'],[2019],1,https://observador.pt/2017/05/19/bni-europa-quer-resolver-problema-das-pensoes-baixas-solucao-esta-na-sua-casa/,True,https://arquivo.pt/wayback/20190306192126/https://observador.pt/2017/05/19/bni-europa-quer-resolver-problema-das-pensoes-baixas-solucao-esta-na-sua-casa/,2017-05-19,2019-03-06 19:21:26,2017-05-19,url,True,2017.0,2017,2017-05-19
e346742b195c69ec,observador,noticiosa,https://observador.pt/2015/06/04/sobrinho-quem-e-o-maior-investidor-individual-no-sporting/amp/,https://observador.pt/2015/06/04/sobrinho-quem-e-o-maior-investidor-individual-no-sporting,https://arquivo.pt/wayback/20191205222432/https://observador.pt/2015/06/04/sobrinho-quem-e-o-maior-investidor-individual-no-sporting/amp/,https://arquivo.pt/textextracted?m=https%3A%2F%2Fobservador.pt%2F2015%2F06%2F04%2Fsobrinho-quem-e-o-maior-investidor-individual-no-sporting%2Famp%2F%2F20191205222432,20191205222432,2015-06-04,Sobrinho. Quem é o maior investidor individual no Sporting – Observador,text/html,['sporting'],"['""Sporting SAD""']",['geral'],[2019],2,https://observador.pt/2015/06/04/sobrinho-quem-e-o-maior-investidor-individual-no-sporting/amp/,True,https://arquivo.pt/wayback/20191205222432/https://observador.pt/2015/06/04/sobrinho-quem-e-o-maior-investidor-individual-no-sporting/amp/,2015-06-04,2019-12-05 22:24:32,2015-06-04,url,True,2015.0,2015,2015-06-04
e60460937431fd27,observador,noticiosa,https://observador.pt/2018/01/04/made-in-youthland-a-cosmetica-portuguesa-que-disse-nao-a-crueldade-animal/,https://observador.pt/2018/01/04/made-in-youthland-a-cosmetica-portuguesa-que-disse-nao-a-crueldade-animal,https://arquivo.pt/wayback/20200620225005/https://observador.pt/2018/01/04/made-in-youthland-a-cosmetica-portuguesa-que-disse-nao-a-crueldade-animal/,https://arquivo.pt/textextracted?m=https%3A%2F%2Fobservador.pt%2F2018%2F01%2F04%2Fmade-in-youthland-a-cosmetica-portuguesa-que-disse-nao-a-crueldade-animal%2F%2F20200620225005,20200620225005,2018-01-04,"Made in Youthland, a cosmética portuguesa que disse não à crueldade animal – Observador",text/html,['benfica'],"['""Benfica SAD"" ""emissão de obrigações""']",['financeira'],[2020],1,https://observador.pt/2018/01/04/made-in-youthland-a-cosmetica-portuguesa-que-disse-nao-a-crueldade-animal/,True,https://arquivo.pt/wayback/20200620225005/https://observador.pt/2018/01/04/made-in-youthland-a-cosmetica-portuguesa-que-disse-nao-a-crueldade-animal/,2018-01-04,2020-06-20 22:50:05,2018-01-04,url,True,2018.0,2018,2018-01-04
e65fcc34325ef053,observador,noticiosa,https://observador.pt/2018/12/11/iker-casillas-nunca-e-um-homem-100-objetivos-bom-bonito-mas-deixa-me-um-pouco-triste-ironizou/,https://observador.pt/2018/12/11/iker-casillas-nunca-e-um-homem-100-objetivos-bom-bonito-mas-deixa-me-um-pouco-triste-ironizou,https://arquivo.pt/wayback/20190221210256/https://observador.pt/2018/12/11/iker-casillas-nunca-e-um-homem-100-objetivos-bom-bonito-mas-deixa-me-um-pouco-triste-ironizou/,https://arquivo.pt/textextracted?m=https%3A%2F%2Fobservador.pt%2F2018%2F12%2F11%2Fiker-casillas-nunca-e-um-homem-100-objetivos-bom-bonito-mas-deixa-me-um-pouco-triste-ironizou%2F%2F20190221210256,20190221210256,2018-12-11,"Iker Casillas nunca é um homem 100 objetivos. “Bom, bonito, mas deixa-me um pouco triste”, ironizou ",text/html,['porto'],"['""FC Porto SAD""']",['geral'],[2019],1,https://observador.pt/2018/12/11/iker-casillas-nunca-e-um-homem-100-objetivos-bom-bonito-mas-deixa-me-um-pouco-triste-ironizou/,True,https://arquivo.pt/wayback/20190221210256/https://observador.pt/2018/12/11/iker-casillas-nunca-e-um-homem-100-objetivos-bom-bonito-mas-deixa-me-um-pouco-triste-ironizou/,2018-12-11,2019-02-21 21:02:56,2018-12-11,url,True,2018.0,2018,2018-12-11
f04b7ea7bc590573,observador,noticiosa,https://observador.pt/2017/11/30/espetador-acaba-como-arbitro-auxiliar-em-jogo-da-taca-da-belgica/,https://observador.pt/2017/11/30/espetador-acaba-como-arbitro-auxiliar-em-jogo-da-taca-da-belgica,https://arquivo.pt/wayback/20190919035416/https://observador.pt/2017/11/30/espetador-acaba-como-arbitro-auxiliar-em-jogo-da-taca-da-belgica/,https://arquivo.pt/textextracted?m=https%3A%2F%2Fobservador.pt%2F2017%2F11%2F30%2Fespetador-acaba-como-arbitro-auxiliar-em-jogo-da-taca-da-belgica%2F%2F20190919035416,20190919035416,2017-11-30,Espectador acaba como árbitro auxiliar em jogo da Taça da Bélgica – Observador,text/html,['benfica'],"['""Benfica SAD""']",['geral'],[2019],1,https://observador.pt/2017/11/30/espetador-acaba-como-arbitro-auxiliar-em-jogo-da-taca-da-belgica/,True,https://arquivo.pt/wayback/20190919035416/https://observador.pt/2017/11/30/espetador-acaba-como-arbitro-auxiliar-em-jogo-da-taca-da-belgica/,2017-11-30,2019-09-19 03:54:16,2017-11-30,url,True,2017.0,2017,2017-11-30
f1dfb3dd7787823f,observador,noticiosa,https://observador.pt/2018/09/05/benfica-ja-foi-notificado-sad-acusada-de-dois-crimes/,https://observador.pt/2018/09/05/benfica-ja-foi-notificado-sad-acusada-de-dois-crimes,https://arquivo.pt/wayback/20200512141426/https://observador.pt/2018/09/05/benfica-ja-foi-notificado-sad-acusada-de-dois-crimes/,https://arquivo.pt/textextracted?m=https%3A%2F%2Fobservador.pt%2F2018%2F09%2F05%2Fbenfica-ja-foi-notificado-sad-acusada-de-dois-crimes%2F%2F20200512141426,20200512141426,2018-09-05,Toupeira acedeu mais de 600 vezes a processos criminais em segredo para ajudar o Benfica – Observado,text/html,['benfica'],"['""Benfica SAD""']",['geral'],[2020],1,https://observador.pt/2018/09/05/benfica-ja-foi-notificado-sad-acusada-de-dois-crimes/,True,https://arquivo.pt/wayback/20200512141426/https://observador.pt/2018/09/05/benfica-ja-foi-notificado-sad-acusada-de-dois-crimes/,2018-09-05,2020-05-12 14:14:26,2018-09-05,url,True,2018.0,2018,2018-09-05
f43c1b4bcb3b1141,observador,noticiosa,https://observador.pt/2018/05/19/e-um-grande-imbecil-e-devia-ser-internado-numa-instituicao-psiquiatrica-como-estao-a-reagir-os-visados-de-bruno-de-carvalho/,https://observador.pt/2018/05/19/e-um-grande-imbecil-e-devia-ser-internado-numa-instituicao-psiquiatrica-como-estao-a-reagir-os-visados-de-bruno-de-carvalho,https://arquivo.pt/wayback/20200512143206/https://observador.pt/2018/05/19/e-um-grande-imbecil-e-devia-ser-internado-numa-instituicao-psiquiatrica-como-estao-a-reagir-os-visados-de-bruno-de-carvalho/,https://arquivo.pt/textextracted?m=https%3A%2F%2Fobservador.pt%2F2018%2F05%2F19%2Fe-um-grande-imbecil-e-devia-ser-internado-numa-instituicao-psiquiatrica-como-estao-a-reagir-os-visados-de-bruno-de-carvalho%2F%2F20200512143206,20200512143206,2018-05-19,“É um mentiroso compulsivo” e “devia ser internado numa instituição psiquiátrica”. Como estão a reag,text/html,['sporting'],"['""Sporting SAD""']",['geral'],[2020],1,https://observador.pt/2018/05/19/e-um-grande-imbecil-e-devia-ser-internado-numa-instituicao-psiquiatrica-como-estao-a-reagir-os-visados-de-bruno-de-carvalho/,True,https://arquivo.pt/wayback/20200512143206/https://observador.pt/2018/05/19/e-um-grande-imbecil-e-devia-ser-internado-numa-instituicao-psiquiatrica-como-estao-a-reagir-os-visados-de-bruno-de-carvalho/,2018-05-19,2020-05-12 14:32:06,2018-05-19,url,True,2018.0,2018,2018-05-19
fc96b3869fd17355,observador,noticiosa,https://observador.pt/2018/11/14/james-sofre-rotura-nos-ligamentos-do-joelho-e-deve-falhar-jogo-com-o-benfica/,https://observador.pt/2018/11/14/james-sofre-rotura-nos-ligamentos-do-joelho-e-deve-falhar-jogo-com-o-benfica,https://arquivo.pt/wayback/20190221210846/https://observador.pt/2018/11/14/james-sofre-rotura-nos-ligamentos-do-joelho-e-deve-falhar-jogo-com-o-benfica/,https://arquivo.pt/textextracted?m=https%3A%2F%2Fobservador.pt%2F2018%2F11%2F14%2Fjames-sofre-rotura-nos-ligamentos-do-joelho-e-deve-falhar-jogo-com-o-benfica%2F%2F20190221210846,20190221210846,2018-11-14,James sofre rotura nos ligamentos do joelho e deve falhar jogo com o Benfica – Observador,text/html,['porto'],"['""FC Porto SAD""']",['geral'],[2019],1,https://observador.pt/2018/11/14/james-sofre-rotura-nos-ligamentos-do-joelho-e-deve-falhar-jogo-com-o-benfica/,True,https://arquivo.pt/wayback/20190221210846/https://observador.pt/2018/11/14/james-sofre-rotura-nos-ligamentos-do-joelho-e-deve-falhar-jogo-com-o-benfica/,2018-11-14,2019-02-21 21:08:46,2018-11-14,url,True,2018.0,2018,2018-11-14
fe719f808bb25e97,publico,noticiosa,https://www.publico.pt/2014/11/01/desporto/noticia/benfica-tv-rendeu-17-milhoes-de-euros-limpos-1674862/amp,https://publico.pt/2014/11/01/desporto/noticia/benfica-tv-rendeu-17-milhoes-de-euros-limpos-1674862,https://arquivo.pt/wayback/20200124011056/https://www.publico.pt/2014/11/01/desporto/noticia/benfica-tv-rendeu-17-milhoes-de-euros-limpos-1674862/amp,https://arquivo.pt/textextracted?m=https%3A%2F%2Fwww.publico.pt%2F2014%2F11%2F01%2Fdesporto%2Fnoticia%2Fbenfica-tv-rendeu-17-milhoes-de-euros-limpos-1674862%2Famp%2F20200124011056,20200124011056,2014-11-01,Benfica TV rendeu 17 milhões de euros “limpos” | Futebol nacional | PÚBLICO,text/html,['benfica'],"['""Benfica SAD""']",['geral'],[2020],2,https://www.publico.pt/2014/11/01/desporto/noticia/benfica-tv-rendeu-17-milhoes-de-euros-limpos-1674862/amp,True,https://arquivo.pt/wayback/20200124011056/https://www.publico.pt/2014/11/01/desporto/noticia/benfica-tv-rendeu-17-milhoes-de-euros-limpos-1674862/amp,2014-11-01,2020-01-24 01:10:56,2014-11-01,url,True,2014.0,2014,2014-11-01
