doc_id,fonte,tipo_fonte,url_original,url_canonico,url_arquivo,link_texto,tstamp_captura,data_publicacao,titulo,mime,clubes,queries,n_capturas,url_embebido_arquivo,par_url_valido,url_para_revisao
1523ef0235c19785,record,noticiosa,https://www.record.pt/sabermais/relat%C3%B3rio-e-contas-consolidado,https://record.pt/sabermais/relat%C3%B3rio-e-contas-consolidado,https://arquivo.pt/wayback/20190523014300/https://www.record.pt/sabermais/relat%C3%B3rio-e-contas-consolidado,https://arquivo.pt/textextracted?m=https%3A%2F%2Fwww.record.pt%2Fsabermais%2Frelat%25C3%25B3rio-e-contas-consolidado%2F20190523014300,20190523014300,,Saber Mais: Relatório E Contas Consolidado,text/html,['benfica'],"['""Benfica SAD""', '""Benfica, SAD""']",2,https://www.record.pt/sabermais/relatório-e-contas-consolidado,False,https://www.record.pt/sabermais/relat%C3%B3rio-e-contas-consolidado
1d36aeb83c2c5ffd,negocios,noticiosa,https://www.jornaldenegocios.pt/sabermais/Ant%C3%B3nio-Sampaio-de-Mattos,https://jornaldenegocios.pt/sabermais/Ant%C3%B3nio-Sampaio-de-Mattos,https://arquivo.pt/wayback/20200513193331/https://www.jornaldenegocios.pt/sabermais/Ant%C3%B3nio-Sampaio-de-Mattos,https://arquivo.pt/textextracted?m=https%3A%2F%2Fwww.jornaldenegocios.pt%2Fsabermais%2FAnt%25C3%25B3nio-Sampaio-de-Mattos%2F20200513193331,20200513193331,,sabermais - Jornal de Negócios,text/html,['porto'],"['""F.C. Porto SAD""', '""FC Porto SAD""', '""FC Porto, SAD""', '""Porto SAD""', '""Porto, SAD""']",5,https://www.jornaldenegocios.pt/sabermais/António-Sampaio-de-Mattos,False,https://www.jornaldenegocios.pt/sabermais/Ant%C3%B3nio-Sampaio-de-Mattos
1fa80975fd8a4b03,negocios,noticiosa,https://www.jornaldenegocios.pt/sabermais/Ar%C3%A1bia-Saudita,https://jornaldenegocios.pt/sabermais/Ar%C3%A1bia-Saudita,https://arquivo.pt/wayback/20200513193431/https://www.jornaldenegocios.pt/sabermais/Ar%C3%A1bia-Saudita,https://arquivo.pt/textextracted?m=https%3A%2F%2Fwww.jornaldenegocios.pt%2Fsabermais%2FAr%25C3%25A1bia-Saudita%2F20200513193431,20200513193431,,sabermais - Jornal de Negócios,text/html,['porto'],"['""F.C. Porto SAD""', '""FC Porto SAD""', '""FC Porto, SAD""', '""Porto SAD""', '""Porto, SAD""']",5,https://www.jornaldenegocios.pt/sabermais/Arábia-Saudita,False,https://www.jornaldenegocios.pt/sabermais/Ar%C3%A1bia-Saudita
2eca2a94aa6f3297,publico,noticiosa,https://www.publico.pt/2019/11/30/desporto/noticia/SAD-Benfica-Relat%C3%B3rio-Contas-lucro-1895686/amp,https://publico.pt/2019/11/30/desporto/noticia/SAD-Benfica-Relat%C3%B3rio-Contas-lucro-1895686,https://arquivo.pt/wayback/20200101174722/https://www.publico.pt/2019/11/30/desporto/noticia/SAD-Benfica-Relat%C3%B3rio-Contas-lucro-1895686/amp,https://arquivo.pt/textextracted?m=https%3A%2F%2Fwww.publico.pt%2F2019%2F11%2F30%2Fdesporto%2Fnoticia%2FSAD-Benfica-Relat%25C3%25B3rio-Contas-lucro-1895686%2Famp%2F20200101174722,20200101174722,2019-11-30,SAD do Benfica aprova Relatório e Contas com um lucro de 28 milhões de euros | Benfica | PÚBLICO,text/html,['benfica'],"['""Benfica SAD""', '""Benfica, SAD""']",2,https://www.publico.pt/2019/11/30/desporto/noticia/SAD-Benfica-Relatório-Contas-lucro-1895686/amp,False,https://www.publico.pt/2019/11/30/desporto/noticia/SAD-Benfica-Relat%C3%B3rio-Contas-lucro-1895686/amp
33e7594189d65a39,negocios,noticiosa,https://www.jornaldenegocios.pt/sabermais/%C3%81lvaro-Sobrinho,https://jornaldenegocios.pt/sabermais/%C3%81lvaro-Sobrinho,https://arquivo.pt/wayback/20200108025912/https://www.jornaldenegocios.pt/sabermais/%C3%81lvaro-Sobrinho,https://arquivo.pt/textextracted?m=https%3A%2F%2Fwww.jornaldenegocios.pt%2Fsabermais%2F%25C3%2581lvaro-Sobrinho%2F20200108025912,20200108025912,,sabermais - Jornal de Negócios,text/html,['sporting'],"['""Sporting SAD""', '""Sporting, SAD""']",2,https://www.jornaldenegocios.pt/sabermais/Álvaro-Sobrinho,False,https://www.jornaldenegocios.pt/sabermais/%C3%81lvaro-Sobrinho
34037e137fa0d13d,maisfutebol,noticiosa,https://maisfutebol.iol.pt/pesquisa/+Renato%20Sanches,https://maisfutebol.iol.pt/pesquisa/+Renato%20Sanches,https://arquivo.pt/wayback/20200307122100/https://maisfutebol.iol.pt/pesquisa/+Renato%20Sanches,https://arquivo.pt/textextracted?m=https%3A%2F%2Fmaisfutebol.iol.pt%2Fpesquisa%2F%2BRenato%2520Sanches%2F20200307122100,20200307122100,,Pesquisa de Renato Sanches,text/html,['benfica'],"['""Benfica SAD""', '""Benfica, SAD""']",2,https://maisfutebol.iol.pt/pesquisa/+Renato Sanches,False,https://maisfutebol.iol.pt/pesquisa/+Renato%20Sanches
352e4f4a0ef25bbe,record,noticiosa,https://www.record.pt/sabermais/relat%C3%B3rio-e-contas,https://record.pt/sabermais/relat%C3%B3rio-e-contas,https://arquivo.pt/wayback/20200513194719/https://www.record.pt/sabermais/relat%C3%B3rio-e-contas,https://arquivo.pt/textextracted?m=https%3A%2F%2Fwww.record.pt%2Fsabermais%2Frelat%25C3%25B3rio-e-contas%2F20200513194719,20200513194719,,Saber Mais: Relatório E Contas,text/html,['benfica'],"['""Benfica SAD""', '""Benfica, SAD""']",2,https://www.record.pt/sabermais/relatório-e-contas,False,https://www.record.pt/sabermais/relat%C3%B3rio-e-contas
414c4eac49753d80,maisfutebol,noticiosa,https://maisfutebol.iol.pt/pesquisa/bayern%20munique,https://maisfutebol.iol.pt/pesquisa/bayern%20munique,https://arquivo.pt/wayback/20200328004742/https://maisfutebol.iol.pt/pesquisa/bayern%20munique,https://arquivo.pt/textextracted?m=https%3A%2F%2Fmaisfutebol.iol.pt%2Fpesquisa%2Fbayern%2520munique%2F20200328004742,20200328004742,,Pesquisa de bayern munique,text/html,['benfica'],"['""Benfica SAD""', '""Benfica, SAD""']",2,https://maisfutebol.iol.pt/pesquisa/bayern munique,False,https://maisfutebol.iol.pt/pesquisa/bayern%20munique
489d5f5544426536,record,noticiosa,https://www.record.pt/sabermais/diogo-gon%C3%A7alves,https://record.pt/sabermais/diogo-gon%C3%A7alves,https://arquivo.pt/wayback/20200414195751/https://www.record.pt/sabermais/diogo-gon%C3%A7alves,https://arquivo.pt/textextracted?m=https%3A%2F%2Fwww.record.pt%2Fsabermais%2Fdiogo-gon%25C3%25A7alves%2F20200414195751,20200414195751,,Saber Mais: Diogo Gonçalves,text/html,['benfica'],"['""Benfica SAD""', '""Benfica, SAD""']",2,https://www.record.pt/sabermais/diogo-gonçalves,False,https://www.record.pt/sabermais/diogo-gon%C3%A7alves
4ff2dc6d7f5ce519,maisfutebol,noticiosa,https://maisfutebol.iol.pt/pesquisa/Domingos%20Soares%20de%20Oliveira,https://maisfutebol.iol.pt/pesquisa/Domingos%20Soares%20de%20Oliveira,https://arquivo.pt/wayback/20190930111659/https://maisfutebol.iol.pt/pesquisa/Domingos%20Soares%20de%20Oliveira,https://arquivo.pt/textextracted?m=https%3A%2F%2Fmaisfutebol.iol.pt%2Fpesquisa%2FDomingos%2520Soares%2520de%2520Oliveira%2F20190930111659,20190930111659,,Pesquisa de Domingos Soares de Oliveira,text/html,['benfica'],"['""Benfica SAD""', '""Benfica, SAD""']",2,https://maisfutebol.iol.pt/pesquisa/Domingos Soares de Oliveira,False,https://maisfutebol.iol.pt/pesquisa/Domingos%20Soares%20de%20Oliveira
544b0d94900d8a73,record,noticiosa,https://www.record.pt/sabermais/acu%C3%B1a,https://record.pt/sabermais/acu%C3%B1a,https://arquivo.pt/wayback/20191116210215/https://www.record.pt/sabermais/acu%C3%B1a,https://arquivo.pt/textextracted?m=https%3A%2F%2Fwww.record.pt%2Fsabermais%2Facu%25C3%25B1a%2F20191116210215,20191116210215,,Saber Mais: Acuña,text/html,['sporting'],"['""Sporting SAD""', '""Sporting, SAD""']",2,https://www.record.pt/sabermais/acuña,False,https://www.record.pt/sabermais/acu%C3%B1a
606933f9cfb757cc,negocios,noticiosa,https://www.jornaldenegocios.pt/sabermais/morat%C3%B3rias,https://jornaldenegocios.pt/sabermais/morat%C3%B3rias,https://arquivo.pt/wayback/20200513193446/https://www.jornaldenegocios.pt/sabermais/morat%C3%B3rias,https://arquivo.pt/textextracted?m=https%3A%2F%2Fwww.jornaldenegocios.pt%2Fsabermais%2Fmorat%25C3%25B3rias%2F20200513193446,20200513193446,,sabermais - Jornal de Negócios,text/html,['porto'],"['""F.C. Porto SAD""', '""FC Porto SAD""', '""FC Porto, SAD""', '""Porto SAD""', '""Porto, SAD""']",5,https://www.jornaldenegocios.pt/sabermais/moratórias,False,https://www.jornaldenegocios.pt/sabermais/morat%C3%B3rias
80652af0d38ccd84,negocios,noticiosa,https://www.jornaldenegocios.pt/sabermais/cr%C3%A9dito-%C3%A0-habita%C3%A7%C3%A3o,https://jornaldenegocios.pt/sabermais/cr%C3%A9dito-%C3%A0-habita%C3%A7%C3%A3o,https://arquivo.pt/wayback/20200513193032/https://www.jornaldenegocios.pt/sabermais/cr%C3%A9dito-%C3%A0-habita%C3%A7%C3%A3o,https://arquivo.pt/textextracted?m=https%3A%2F%2Fwww.jornaldenegocios.pt%2Fsabermais%2Fcr%25C3%25A9dito-%25C3%25A0-habita%25C3%25A7%25C3%25A3o%2F20200513193032,20200513193032,,sabermais - Jornal de Negócios,text/html,['porto'],"['""F.C. Porto SAD""', '""FC Porto SAD""', '""FC Porto, SAD""', '""Porto SAD""', '""Porto, SAD""']",5,https://www.jornaldenegocios.pt/sabermais/crédito-à-habitação,False,https://www.jornaldenegocios.pt/sabermais/cr%C3%A9dito-%C3%A0-habita%C3%A7%C3%A3o
8d09ce8b2d6d35a7,publico,noticiosa,https://www.publico.pt/2018/12/30/desporto/cronica%20de%20jogo/fc-porto-vence-belenenses-sad-segue-frente-taca-liga-1856293,https://publico.pt/2018/12/30/desporto/cronica%20de%20jogo/fc-porto-vence-belenenses-sad-segue-frente-taca-liga-1856293,https://arquivo.pt/wayback/20200110021233/https://www.publico.pt/2018/12/30/desporto/cronica%20de%20jogo/fc-porto-vence-belenenses-sad-segue-frente-taca-liga-1856293,https://arquivo.pt/textextracted?m=https%3A%2F%2Fwww.publico.pt%2F2018%2F12%2F30%2Fdesporto%2Fcronica%2520de%2520jogo%2Ffc-porto-vence-belenenses-sad-segue-frente-taca-liga-1856293%2F20200110021233,20200110021233,2018-12-30,FC Porto garante recorde e lugar nas meias-finais da Taça da Liga | Crónica de jogo | PÚBLICO,text/html,['porto'],"['""F.C. Porto SAD""', '""FC Porto SAD""', '""FC Porto, SAD""', '""Porto SAD""', '""Porto, SAD""']",5,https://www.publico.pt/2018/12/30/desporto/cronica de jogo/fc-porto-vence-belenenses-sad-segue-frente-taca-liga-1856293,False,https://www.publico.pt/2018/12/30/desporto/cronica%20de%20jogo/fc-porto-vence-belenenses-sad-segue-frente-taca-liga-1856293
9c34dbd4cf9ef643,negocios,noticiosa,https://www.jornaldenegocios.pt/sabermais/Associa%C3%A7%C3%A3o-Portuguesa-de-Centros-Comerciais,https://jornaldenegocios.pt/sabermais/Associa%C3%A7%C3%A3o-Portuguesa-de-Centros-Comerciais,https://arquivo.pt/wayback/20200513193338/https://www.jornaldenegocios.pt/sabermais/Associa%C3%A7%C3%A3o-Portuguesa-de-Centros-Comerciais,https://arquivo.pt/textextracted?m=https%3A%2F%2Fwww.jornaldenegocios.pt%2Fsabermais%2FAssocia%25C3%25A7%25C3%25A3o-Portuguesa-de-Centros-Comerciais%2F20200513193338,20200513193338,,sabermais - Jornal de Negócios,text/html,['porto'],"['""F.C. Porto SAD""', '""FC Porto SAD""', '""FC Porto, SAD""', '""Porto SAD""', '""Porto, SAD""']",5,https://www.jornaldenegocios.pt/sabermais/Associação-Portuguesa-de-Centros-Comerciais,False,https://www.jornaldenegocios.pt/sabermais/Associa%C3%A7%C3%A3o-Portuguesa-de-Centros-Comerciais
a66ba1e870909a4e,negocios,noticiosa,https://www.jornaldenegocios.pt/sabermais/neg%C3%B3cios-e-finan%C3%A7as,https://jornaldenegocios.pt/sabermais/neg%C3%B3cios-e-finan%C3%A7as,https://arquivo.pt/wayback/20200513193100/https://www.jornaldenegocios.pt/sabermais/neg%C3%B3cios-e-finan%C3%A7as,https://arquivo.pt/textextracted?m=https%3A%2F%2Fwww.jornaldenegocios.pt%2Fsabermais%2Fneg%25C3%25B3cios-e-finan%25C3%25A7as%2F20200513193100,20200513193100,,sabermais - Jornal de Negócios,text/html,['porto'],"['""F.C. Porto SAD""', '""FC Porto SAD""', '""FC Porto, SAD""', '""Porto SAD""', '""Porto, SAD""']",5,https://www.jornaldenegocios.pt/sabermais/negócios-e-finanças,False,https://www.jornaldenegocios.pt/sabermais/neg%C3%B3cios-e-finan%C3%A7as
abf91d26fe8cdfe6,negocios,noticiosa,https://www.jornaldenegocios.pt/sabermais/mercado-e-c%C3%A2mbios,https://jornaldenegocios.pt/sabermais/mercado-e-c%C3%A2mbios,https://arquivo.pt/wayback/20200513193104/https://www.jornaldenegocios.pt/sabermais/mercado-e-c%C3%A2mbios,https://arquivo.pt/textextracted?m=https%3A%2F%2Fwww.jornaldenegocios.pt%2Fsabermais%2Fmercado-e-c%25C3%25A2mbios%2F20200513193104,20200513193104,,sabermais - Jornal de Negócios,text/html,['porto'],"['""F.C. Porto SAD""', '""FC Porto SAD""', '""FC Porto, SAD""', '""Porto SAD""', '""Porto, SAD""']",5,https://www.jornaldenegocios.pt/sabermais/mercado-e-câmbios,False,https://www.jornaldenegocios.pt/sabermais/mercado-e-c%C3%A2mbios
afe9a9e4738b0f9f,record,noticiosa,https://www.record.pt/sabermais/jo%C3%A3o-vale-e-azevedo,https://record.pt/sabermais/jo%C3%A3o-vale-e-azevedo,https://arquivo.pt/wayback/20200407194343/https://www.record.pt/sabermais/jo%C3%A3o-vale-e-azevedo,https://arquivo.pt/textextracted?m=https%3A%2F%2Fwww.record.pt%2Fsabermais%2Fjo%25C3%25A3o-vale-e-azevedo%2F20200407194343,20200407194343,,Saber Mais: João Vale E Azevedo,text/html,['benfica'],"['""Benfica SAD""', '""Benfica, SAD""']",2,https://www.record.pt/sabermais/joão-vale-e-azevedo,False,https://www.record.pt/sabermais/jo%C3%A3o-vale-e-azevedo
b4c78e131fe78cc4,negocios,noticiosa,https://www.jornaldenegocios.pt/sabermais/Jer%C3%B3nimo-Martins,https://jornaldenegocios.pt/sabermais/Jer%C3%B3nimo-Martins,https://arquivo.pt/wayback/20200513193356/https://www.jornaldenegocios.pt/sabermais/Jer%C3%B3nimo-Martins,https://arquivo.pt/textextracted?m=https%3A%2F%2Fwww.jornaldenegocios.pt%2Fsabermais%2FJer%25C3%25B3nimo-Martins%2F20200513193356,20200513193356,,sabermais - Jornal de Negócios,text/html,['porto'],"['""F.C. Porto SAD""', '""FC Porto SAD""', '""FC Porto, SAD""', '""Porto SAD""', '""Porto, SAD""']",5,https://www.jornaldenegocios.pt/sabermais/Jerónimo-Martins,False,https://www.jornaldenegocios.pt/sabermais/Jer%C3%B3nimo-Martins
b66e1dde072580b4,maisfutebol,noticiosa,https://maisfutebol.iol.pt/pesquisa/%20Renato%20Sanches,https://maisfutebol.iol.pt/pesquisa/%20Renato%20Sanches,https://arquivo.pt/wayback/20200328004738/https://maisfutebol.iol.pt/pesquisa/%20Renato%20Sanches,https://arquivo.pt/textextracted?m=https%3A%2F%2Fmaisfutebol.iol.pt%2Fpesquisa%2F%2520Renato%2520Sanches%2F20200328004738,20200328004738,,Pesquisa de Renato Sanches,text/html,['benfica'],"['""Benfica SAD""', '""Benfica, SAD""']",2,https://maisfutebol.iol.pt/pesquisa/ Renato Sanches,False,https://maisfutebol.iol.pt/pesquisa/%20Renato%20Sanches
c66534d4f98c9f58,negocios,noticiosa,https://www.jornaldenegocios.pt/sabermais/titulariza%C3%A7%C3%A3o,https://jornaldenegocios.pt/sabermais/titulariza%C3%A7%C3%A3o,https://arquivo.pt/wayback/20200508013820/https://www.jornaldenegocios.pt/sabermais/titulariza%C3%A7%C3%A3o,https://arquivo.pt/textextracted?m=https%3A%2F%2Fwww.jornaldenegocios.pt%2Fsabermais%2Ftitulariza%25C3%25A7%25C3%25A3o%2F20200508013820,20200508013820,,sabermais - Jornal de Negócios,text/html,['sporting'],"['""Sporting SAD""', '""Sporting, SAD""']",2,https://www.jornaldenegocios.pt/sabermais/titularização,False,https://www.jornaldenegocios.pt/sabermais/titulariza%C3%A7%C3%A3o
c6a31aa24c84f26c,record,noticiosa,https://www.record.pt/sabermais/paulo-gon%C3%A7alves,https://record.pt/sabermais/paulo-gon%C3%A7alves,https://arquivo.pt/wayback/20190522161320/https://www.record.pt/sabermais/paulo-gon%C3%A7alves,https://arquivo.pt/textextracted?m=https%3A%2F%2Fwww.record.pt%2Fsabermais%2Fpaulo-gon%25C3%25A7alves%2F20190522161320,20190522161320,,Saber Mais: Paulo Gonçalves,text/html,['benfica'],"['""Benfica SAD""', '""Benfica, SAD""']",2,https://www.record.pt/sabermais/paulo-gonçalves,False,https://www.record.pt/sabermais/paulo-gon%C3%A7alves
d5a1eb665392e471,maisfutebol,noticiosa,https://maisfutebol.iol.pt/pesquisa/Domingos+Soares%20de%20Oliveira,https://maisfutebol.iol.pt/pesquisa/Domingos+Soares%20de%20Oliveira,https://arquivo.pt/wayback/20190402133618/https://maisfutebol.iol.pt/pesquisa/Domingos+Soares%20de%20Oliveira,https://arquivo.pt/textextracted?m=https%3A%2F%2Fmaisfutebol.iol.pt%2Fpesquisa%2FDomingos%2BSoares%2520de%2520Oliveira%2F20190402133618,20190402133618,,Pesquisa de Domingos Soares de Oliveira,text/html,['benfica'],"['""Benfica SAD""', '""Benfica, SAD""']",2,https://maisfutebol.iol.pt/pesquisa/Domingos+Soares de Oliveira,False,https://maisfutebol.iol.pt/pesquisa/Domingos+Soares%20de%20Oliveira
e17515f0c1c143c5,negocios,noticiosa,https://www.jornaldenegocios.pt/sabermais/emiss%C3%A3o,https://jornaldenegocios.pt/sabermais/emiss%C3%A3o,https://arquivo.pt/wayback/20200503013524/https://www.jornaldenegocios.pt/sabermais/emiss%C3%A3o,https://arquivo.pt/textextracted?m=https%3A%2F%2Fwww.jornaldenegocios.pt%2Fsabermais%2Femiss%25C3%25A3o%2F20200503013524,20200503013524,,sabermais - Jornal de Negócios,text/html,['porto'],"['""F.C. Porto SAD""', '""FC Porto SAD""', '""FC Porto, SAD""', '""Porto SAD""', '""Porto, SAD""']",5,https://www.jornaldenegocios.pt/sabermais/emissão,False,https://www.jornaldenegocios.pt/sabermais/emiss%C3%A3o
e7d7e77dc053ad3f,negocios,noticiosa,https://www.jornaldenegocios.pt/sabermais/coronav%C3%ADrus,https://jornaldenegocios.pt/sabermais/coronav%C3%ADrus,https://arquivo.pt/wayback/20200513192928/https://www.jornaldenegocios.pt/sabermais/coronav%C3%ADrus,https://arquivo.pt/textextracted?m=https%3A%2F%2Fwww.jornaldenegocios.pt%2Fsabermais%2Fcoronav%25C3%25ADrus%2F20200513192928,20200513192928,,sabermais - Jornal de Negócios,text/html,['porto'],"['""F.C. Porto SAD""', '""FC Porto SAD""', '""FC Porto, SAD""', '""Porto SAD""', '""Porto, SAD""']",5,https://www.jornaldenegocios.pt/sabermais/coronavírus,False,https://www.jornaldenegocios.pt/sabermais/coronav%C3%ADrus
f3c895ecc5caf042,record,noticiosa,https://www.record.pt/sabermais/rugidos-de-le%C3%A3o,https://record.pt/sabermais/rugidos-de-le%C3%A3o,https://arquivo.pt/wayback/20191109203942/https://www.record.pt/sabermais/rugidos-de-le%C3%A3o,https://arquivo.pt/textextracted?m=https%3A%2F%2Fwww.record.pt%2Fsabermais%2Frugidos-de-le%25C3%25A3o%2F20191109203942,20191109203942,,Saber Mais: Rugidos De Leão,text/html,['sporting'],"['""Sporting SAD""', '""Sporting, SAD""']",2,https://www.record.pt/sabermais/rugidos-de-leão,False,https://www.record.pt/sabermais/rugidos-de-le%C3%A3o
f601e275250dbc73,record,noticiosa,https://www.record.pt/sabermais/lu%C3%ADs-bernardo,https://record.pt/sabermais/lu%C3%ADs-bernardo,https://arquivo.pt/wayback/20190523022051/https://www.record.pt/sabermais/lu%C3%ADs-bernardo,https://arquivo.pt/textextracted?m=https%3A%2F%2Fwww.record.pt%2Fsabermais%2Flu%25C3%25ADs-bernardo%2F20190523022051,20190523022051,,Saber Mais: Luís Bernardo,text/html,['benfica'],"['""Benfica SAD""', '""Benfica, SAD""']",2,https://www.record.pt/sabermais/luís-bernardo,False,https://www.record.pt/sabermais/lu%C3%ADs-bernardo
f9b86b6e4e214bd6,record,noticiosa,http://liga.record.pt/sabermais/neg%C3%B3cios-e-finan%C3%A7as,https://liga.record.pt/sabermais/neg%C3%B3cios-e-finan%C3%A7as,https://arquivo.pt/wayback/20200702194005/http://liga.record.pt/sabermais/neg%C3%B3cios-e-finan%C3%A7as,https://arquivo.pt/textextracted?m=http%3A%2F%2Fliga.record.pt%2Fsabermais%2Fneg%25C3%25B3cios-e-finan%25C3%25A7as%2F20200702194005,20200702194005,,Saber Mais: Negócios E Finanças,text/html,['sporting'],"['""Sporting SAD""', '""Sporting, SAD""']",2,http://liga.record.pt/sabermais/negócios-e-finanças,False,http://liga.record.pt/sabermais/neg%C3%B3cios-e-finan%C3%A7as
